"Adams","Adams","Adams","0:00:00","0:00:00","0:00:00","0:00:00","0:00:00","0:00:00","0.00","0.00","0.00","0.00","0.00","0.00","0.00","0.00","0.00","0.00","163.97","163.97","0.00","0.00","0.00","0.00","163.97","163.97"
"Alford","Alford","Alford","0:00:00","0:00:00","0:00:00","0:00:00","0:00:00","0:00:00","0.00","0.00","0.00","0.00","0.00","0.00","0.00","0.00","0.00","0.00","369.60","369.60","0.00","0.00","0.00","0.00","369.60","369.60"
"Amesbury","Amesbury","Amesbury","0:00:00","0:00:00","0:00:00","0:00:00","6:27:00","6:27:00","0.00","0.00","0.00","0.00","287.89","287.89","0.00","0.00","0.00","0.00","1640.18","1640.18","0.00","0.00","0.00","0.00","1928.07","1928.07"
"Amherst","Amherst","Amherst","0:00:00","0:00:00","0:00:00","0:00:00","7:27:00","7:27:00","0.00","0.00","0.00","0.00","332.91","332.91","0.00","0.00","0.00","0.00","0.00","0.00","0.00","0.00","0.00","0.00","332.91","332.91"
"Andover","Andover","Andover","0:00:00","0:00:00","0:00:00","0:00:00","8:27:00","8:27:00","0.00","0.00","0.00","0.00","1381.43","1381.43","0.00","0.00","0.00","0.00","0.00","0.00","0.00","0.00","0.00","0.00","1381.43","1381.43"
"Auburn","Auburn","Auburn","0:00:00","0:00:00","0:00:00","0:00:00","0:00:00","0:00:00","0.00","0.00","0.00","0.00","0.00","0.00","0.00","0.00","0.00","0.00","2464.88","2464.88","0.00","0.00","0.00","0.00","2464.88","2464.88"
"Avon","Avon","Avon","0:00:00","0:00:00","0:00:00","0:00:00","0:00:00","0:00:00","0.00","0.00","0.00","0.00","0.00","0.00","0.00","0.00","450.71","0.00","0.00","450.71","0.00","0.00","450.71","0.00","0.00","450.71"
"Ayer","Ayer","Ayer","0:00:00","6:12:00","0:00:00","0:00:00","0:00:00","6:12:00","0.00","627.44","0.00","0.00","0.00","627.44","0.00","0.00","0.00","0.00","0.00","0.00","0.00","627.44","0.00","0.00","0.00","627.44"
"Barre","Barre","Barre","0:00:00","0:00:00","0:00:00","0:00:00","0:00:00","0:00:00","0.00","0.00","0.00","0.00","0.00","0.00","1774.57","0.00","0.00","0.00","0.00","1774.57","1774.57","0.00","0.00","0.00","0.00","1774.57"
"Becket","Becket","Becket","0:00:00","0:00:00","0:00:00","0:00:00","0:00:00","0:00:00","0.00","0.00","0.00","0.00","0.00","0.00","2232.67","0.00","0.00","0.00","0.00","2232.67","2232.67","0.00","0.00","0.00","0.00","2232.67"
"Bedford","Bedford","Bedford","1:12:00","0:00:00","0:00:00","0:00:00","0:00:00","1:12:00","201.65","0.00","0.00","0.00","0.00","201.65","0.00","0.00","0.00","0.00","0.00","0.00","201.65","0.00","0.00","0.00","0.00","201.65"
"Belchertown","Belchertown","Belchertown","3:12:00","0:00:00","0:00:00","0:00:00","0:00:00","3:12:00","16.16","0.00","0.00","0.00","0.00","16.16","0.00","0.00","0.00","0.00","0.00","0.00","16.16","0.00","0.00","0.00","0.00","16.16"
"Brimfield","Brimfield","Brimfield","0:00:00","0:00:00","0:00:00","0:00:00","0:00:00","0:00:00","0.00","0.00","0.00","0.00","0.00","0.00","0.00","0.00","1103.18","0.00","0.00","1103.18","0.00","0.00","1103.18","0.00","0.00","1103.18"
"Brockton","Brockton","Brockton","0:00:00","7:12:00","0:00:00","0:00:00","0:00:00","7:12:00","0.00","770.76","0.00","0.00","0.00","770.76","0.00","0.00","0.00","0.00","0.00","0.00","0.00","770.76","0.00","0.00","0.00","770.76"
"Brookfield","Brookfield","Brookfield","9:12:00","0:00:00","0:00:00","0:00:00","0:00:00","9:12:00","1003.35","0.00","0.00","0.00","0.00","1003.35","0.00","0.00","0.00","0.00","0.00","0.00","1003.35","0.00","0.00","0.00","0.00","1003.35"
"Brookline","Brookline","Brookline","0:00:00","0:00:00","0:00:00","0:00:00","0:00:00","0:00:00","0.00","0.00","0.00","0.00","0.00","0.00","2464.88","0.00","0.00","0.00","0.00","2464.88","2464.88","0.00","0.00","0.00","0.00","2464.88"
"Buckland","Buckland","Buckland","0:00:00","0:00:00","0:00:00","0:00:00","0:00:00","0:00:00","0.00","0.00","0.00","0.00","0.00","0.00","450.71","0.00","0.00","0.00","0.00","450.71","450.71","0.00","0.00","0.00","0.00","450.71"
"Burlington","Burlington","Burlington","6:12:00","0:00:00","0:00:00","0:00:00","0:00:00","6:12:00","657.76","0.00","0.00","0.00","0.00","657.76","0.00","0.00","0.00","0.00","0.00","0.00","657.76","0.00","0.00","0.00","0.00","657.76"
"Conway","Conway","Conway","0:00:00","0:00:00","0:00:00","0:00:00","0:00:00","0:00:00","0.00","0.00","0.00","0.00","0.00","0.00","0.00","0.00","0.00","1774.57","0.00","1774.57","0.00","0.00","0.00","1774.57","0.00","1774.57"
"Dalton","Dalton","Dalton","1:12:00","0:00:00","0:00:00","0:00:00","0:00:00","1:12:00","121.33","0.00","0.00","0.00","0.00","121.33","0.00","0.00","0.00","0.00","0.00","0.00","121.33","0.00","0.00","0.00","0.00","121.33"
"Dartmouth","Dartmouth","Dartmouth","0:00:00","0:00:00","0:00:00","0:00:00","0:00:00","0:00:00","0.00","0.00","0.00","0.00","0.00","0.00","1103.18","0.00","0.00","0.00","0.00","1103.18","1103.18","0.00","0.00","0.00","0.00","1103.18"
"Dedham","Dedham","Dedham","7:12:00","0:00:00","0:00:00","0:00:00","0:00:00","7:12:00","728.21","0.00","0.00","0.00","0.00","728.21","0.00","0.00","0.00","0.00","0.00","0.00","728.21","0.00","0.00","0.00","0.00","728.21"
"Deerfield","Deerfield","Deerfield","9:12:00","0:00:00","0:00:00","0:00:00","0:00:00","9:12:00","930.58","0.00","0.00","0.00","0.00","930.58","0.00","0.00","0.00","0.00","0.00","0.00","930.58","0.00","0.00","0.00","0.00","930.58"
"Essex","Essex","Essex","0:00:00","0:00:00","0:00:00","0:00:00","0:00:00","0:00:00","0.00","0.00","0.00","0.00","0.00","0.00","0.00","0.00","0.00","0.00","2002.57","2002.57","0.00","0.00","0.00","0.00","2002.57","2002.57"
"Everett","Everett","Everett","0:00:00","0:00:00","0:00:00","0:00:00","0:00:00","0:00:00","0.00","0.00","0.00","0.00","0.00","0.00","0.00","0.00","0.00","2464.88","0.00","2464.88","0.00","0.00","0.00","2464.88","0.00","2464.88"
"Fairhaven","Fairhaven","Fairhaven","0:00:00","2:12:00","0:00:00","0:00:00","0:00:00","2:12:00","0.00","735.13","0.00","0.00","0.00","735.13","0.00","0.00","0.00","0.00","0.00","0.00","0.00","735.13","0.00","0.00","0.00","735.13"
"Fall River","Fall River","Fall River","6:12:00","0:00:00","0:00:00","0:00:00","0:00:00","6:12:00","2077.99","0.00","0.00","0.00","0.00","2077.99","0.00","0.00","0.00","0.00","0.00","0.00","2077.99","0.00","0.00","0.00","0.00","2077.99"
"Fitchburg","Fitchburg","Fitchburg","0:00:00","0:00:00","0:00:00","0:00:00","0:00:00","0:00:00","0.00","0.00","0.00","0.00","0.00","0.00","1774.57","0.00","0.00","0.00","0.00","1774.57","1774.57","0.00","0.00","0.00","0.00","1774.57"
"Foxborough","Foxborough","Foxborough","1:12:00","0:00:00","0:00:00","0:00:00","0:00:00","1:12:00","289.44","0.00","0.00","0.00","0.00","289.44","0.00","0.00","0.00","0.00","0.00","0.00","289.44","0.00","0.00","0.00","0.00","289.44"
"Halifax","Halifax","Halifax","0:00:00","0:00:00","0:00:00","0:00:00","0:00:00","0:00:00","0.00","0.00","0.00","0.00","0.00","0.00","0.00","0.00","0.00","0.00","237.44","237.44","0.00","0.00","0.00","0.00","237.44","237.44"
"Hampden","Hampden","Hampden","0:00:00","4:12:00","0:00:00","0:00:00","0:00:00","4:12:00","0.00","437.64","0.00","0.00","0.00","437.64","0.00","0.00","0.00","0.00","0.00","0.00","0.00","437.64","0.00","0.00","0.00","437.64"
"Hancock","Hancock","Hancock","7:12:00","0:00:00","0:00:00","0:00:00","0:00:00","7:12:00","727.27","0.00","0.00","0.00","0.00","727.27","0.00","0.00","0.00","0.00","0.00","0.00","727.27","0.00","0.00","0.00","0.00","727.27"
"Hanover","Hanover","Hanover","0:00:00","0:00:00","0:00:00","0:00:00","0:00:00","0:00:00","0.00","0.00","0.00","0.00","0.00","0.00","2002.57","0.00","0.00","0.00","0.00","2002.57","2002.57","0.00","0.00","0.00","0.00","2002.57"
"Hanson","Hanson","Hanson","0:00:00","0:00:00","0:00:00","0:00:00","0:00:00","0:00:00","0.00","0.00","0.00","0.00","0.00","0.00","2464.88","0.00","0.00","0.00","0.00","2464.88","2464.88","0.00","0.00","0.00","0.00","2464.88"
"Hardwick","Hardwick","Hardwick","2:12:00","0:00:00","0:00:00","0:00:00","0:00:00","2:12:00","222.29","0.00","0.00","0.00","0.00","222.29","0.00","0.00","0.00","0.00","0.00","0.00","222.29","0.00","0.00","0.00","0.00","222.29"
"Harvard","Harvard","Harvard","6:12:00","0:00:00","0:00:00","0:00:00","0:00:00","6:12:00","626.51","0.00","0.00","0.00","0.00","626.51","0.00","0.00","0.00","0.00","0.00","0.00","626.51","0.00","0.00","0.00","0.00","626.51"
"Huntington","Huntington","Huntington","0:00:00","0:00:00","0:00:00","0:00:00","0:00:00","0:00:00","0.00","0.00","0.00","0.00","0.00","0.00","0.00","0.00","0.00","0.00","883.60","883.60","0.00","0.00","0.00","0.00","883.60","883.60"
"Kingston","Kingston","Kingston","0:00:00","8:12:00","0:00:00","0:00:00","0:00:00","8:12:00","0.00","2378.41","0.00","0.00","0.00","2378.41","0.00","0.00","0.00","0.00","0.00","0.00","0.00","2378.41","0.00","0.00","0.00","2378.41"
"Lancaster","Lancaster","Lancaster","0:00:00","0:00:00","0:00:00","0:00:00","0:00:00","0:00:00","0.00","0.00","0.00","0.00","0.00","0.00","237.44","0.00","0.00","0.00","0.00","237.44","237.44","0.00","0.00","0.00","0.00","237.44"
"Lawrence","Lawrence","Lawrence","4:12:00","0:00:00","0:00:00","0:00:00","0:00:00","4:12:00","827.78","0.00","0.00","0.00","0.00","827.78","0.00","0.00","0.00","0.00","0.00","0.00","827.78","0.00","0.00","0.00","0.00","827.78"
"Lee","Lee","Lee","7:12:00","0:00:00","0:00:00","0:00:00","0:00:00","7:12:00","439.92","0.00","0.00","0.00","0.00","439.92","0.00","0.00","0.00","0.00","0.00","0.00","439.92","0.00","0.00","0.00","0.00","439.92"
"Marblehead","Marblehead","Marblehead","0:00:00","0:00:00","0:00:00","0:00:00","0:00:00","0:00:00","0.00","0.00","0.00","0.00","0.00","0.00","0.00","0.00","0.00","0.00","1548.67","1548.67","0.00","0.00","0.00","0.00","1548.67","1548.67"
"Marion","Marion","Marion","0:00:00","0:00:00","0:00:00","0:00:00","0:00:00","0:00:00","0.00","0.00","0.00","0.00","0.00","0.00","0.00","0.00","0.00","2002.57","0.00","2002.57","0.00","0.00","0.00","2002.57","0.00","2002.57"
"Marlborough","Marlborough","Marlborough","0:00:00","11:12:00","0:00:00","0:00:00","0:00:00","11:12:00","0.00","1244.32","0.00","0.00","0.00","1244.32","0.00","0.00","0.00","0.00","0.00","0.00","0.00","1244.32","0.00","0.00","0.00","1244.32"
"Marshfield","Marshfield","Marshfield","2:12:00","0:00:00","0:00:00","0:00:00","0:00:00","2:12:00","224.64","0.00","0.00","0.00","0.00","224.64","0.00","0.00","0.00","0.00","0.00","0.00","224.64","0.00","0.00","0.00","0.00","224.64"
"Mashpee","Mashpee","Mashpee","0:00:00","0:00:00","0:00:00","0:00:00","0:00:00","0:00:00","0.00","0.00","0.00","0.00","0.00","0.00","883.60","0.00","0.00","0.00","0.00","883.60","883.60","0.00","0.00","0.00","0.00","883.60"
"Maynard","Maynard","Maynard","8:12:00","0:00:00","0:00:00","0:00:00","0:00:00","8:12:00","886.75","0.00","0.00","0.00","0.00","886.75","0.00","0.00","0.00","0.00","0.00","0.00","886.75","0.00","0.00","0.00","0.00","886.75"
"Montague","Montague","Montague","0:00:00","0:00:00","0:00:00","0:00:00","0:00:00","0:00:00","0.00","0.00","0.00","0.00","0.00","0.00","0.00","0.00","0.00","0.00","0.00","0.00","0.00","0.00","0.00","0.00","0.00","0.00"
"Monterey","Monterey","Monterey","0:00:00","0:00:00","0:00:00","0:00:00","0:00:00","0:00:00","0.00","0.00","0.00","0.00","0.00","0.00","0.00","0.00","0.00","0.00","0.00","0.00","0.00","0.00","0.00","0.00","0.00","0.00"
"Montgomery","Montgomery","Montgomery","0:00:00","0:00:00","0:00:00","0:00:00","0:00:00","0:00:00","0.00","0.00","0.00","0.00","0.00","0.00","0.00","0.00","0.00","237.44","0.00","237.44","0.00","0.00","0.00","237.44","0.00","237.44"
"Mount Washington","Mount Washington","Mount Washington","0:00:00","0:00:00","3:12:00","0:00:00","0:00:00","3:12:00","0.00","0.00","323.68","0.00","0.00","323.68","0.00","0.00","0.00","0.00","0.00","0.00","0.00","0.00","323.68","0.00","0.00","323.68"
"Nahant","Nahant","Nahant","4:12:00","0:00:00","0:00:00","0:00:00","0:00:00","4:12:00","424.87","0.00","0.00","0.00","0.00","424.87","0.00","0.00","0.00","0.00","0.00","0.00","424.87","0.00","0.00","0.00","0.00","424.87"
"Nantucket","Nantucket","Nantucket","0:00:00","0:00:00","0:00:00","0:00:00","0:00:00","0:00:00","0.00","0.00","0.00","0.00","0.00","0.00","1548.67","0.00","0.00","0.00","0.00","1548.67","1548.67","0.00","0.00","0.00","0.00","1548.67"
"Natick","Natick","Natick","0:00:00","0:00:00","0:00:00","0:00:00","0:00:00","0:00:00","0.00","0.00","0.00","0.00","0.00","0.00","2002.57","0.00","0.00","0.00","0.00","2002.57","2002.57","0.00","0.00","0.00","0.00","2002.57"
"Needham","Needham","Needham","11:12:00","0:00:00","0:00:00","0:00:00","0:00:00","11:12:00","1133.33","0.00","0.00","0.00","0.00","1133.33","0.00","0.00","0.00","0.00","0.00","0.00","1133.33","0.00","0.00","0.00","0.00","1133.33"
"New Ashford","New Ashford","New Ashford","2:12:00","0:00:00","0:00:00","0:00:00","0:00:00","2:12:00","222.64","0.00","0.00","0.00","0.00","222.64","0.00","0.00","0.00","0.00","0.00","0.00","222.64","0.00","0.00","0.00","0.00","222.64"
"New Bedford","New Bedford","New Bedford","0:00:00","0:00:00","0:00:00","0:00:00","0:00:00","0:00:00","0.00","0.00","0.00","0.00","0.00","0.00","0.00","0.00","0.00","0.00","0.00","0.00","0.00","0.00","0.00","0.00","0.00","0.00"
"New Braintree","New Braintree","New Braintree","0:00:00","0:00:00","0:00:00","0:00:00","0:00:00","0:00:00","0.00","0.00","0.00","0.00","0.00","0.00","0.00","0.00","0.00","0.00","0.00","0.00","0.00","0.00","0.00","0.00","0.00","0.00"
"New Marlborough","New Marlborough","New Marlborough","0:00:00","0:00:00","0:00:00","0:00:00","0:00:00","0:00:00","0.00","0.00","0.00","0.00","0.00","0.00","0.00","0.00","0.00","0.00","0.00","0.00","0.00","0.00","0.00","0.00","0.00","0.00"
"New Salem","New Salem","New Salem","0:00:00","0:00:00","0:00:00","0:00:00","0:00:00","0:00:00","0.00","0.00","0.00","0.00","0.00","0.00","0.00","0.00","0.00","0.00","0.00","0.00","0.00","0.00","0.00","0.00","0.00","0.00"
"Newbury","Newbury","Newbury","0:00:00","0:00:00","0:00:00","0:00:00","0:00:00","0:00:00","0.00","0.00","0.00","0.00","0.00","0.00","0.00","0.00","0.00","0.00","0.00","0.00","0.00","0.00","0.00","0.00","0.00","0.00"
"Newburyport","Newburyport","Newburyport","0:00:00","0:00:00","0:00:00","0:00:00","0:00:00","0:00:00","0.00","0.00","0.00","0.00","0.00","0.00","0.00","0.00","0.00","0.00","0.00","0.00","0.00","0.00","0.00","0.00","0.00","0.00"
"Newton","Newton","Newton","0:00:00","0:00:00","0:00:00","0:00:00","0:00:00","0:00:00","0.00","0.00","0.00","0.00","0.00","0.00","0.00","0.00","0.00","0.00","0.00","0.00","0.00","0.00","0.00","0.00","0.00","0.00"
"North.Adams","North.Adams","North.Adams","0:00:00","0:00:00","0:00:00","0:00:00","0:00:00","0:00:00","0.00","0.00","0.00","0.00","0.00","0.00","0.00","0.00","0.00","0.00","0.00","0.00","0.00","0.00","0.00","0.00","0.00","0.00"
"North.Andover","North.Andover","North.Andover","0:00:00","0:00:00","0:00:00","0:00:00","0:00:00","0:00:00","0.00","0.00","0.00","0.00","0.00","0.00","0.00","0.00","0.00","0.00","0.00","0.00","0.00","0.00","0.00","0.00","0.00","0.00"
"North.Brookfield","North.Brookfield","North.Brookfield","0:00:00","0:00:00","0:00:00","0:00:00","0:00:00","0:00:00","0.00","0.00","0.00","0.00","0.00","0.00","0.00","0.00","0.00","0.00","0.00","0.00","0.00","0.00","0.00","0.00","0.00","0.00"
"North.Reading","North.Reading","North.Reading","0:00:00","0:00:00","0:00:00","0:00:00","0:00:00","0:00:00","0.00","0.00","0.00","0.00","0.00","0.00","0.00","0.00","0.00","0.00","0.00","0.00","0.00","0.00","0.00","0.00","0.00","0.00"
"Northampton","Northampton","Northampton","0:00:00","0:00:00","0:00:00","0:00:00","0:00:00","0:00:00","0.00","0.00","0.00","0.00","0.00","0.00","0.00","0.00","0.00","0.00","0.00","0.00","0.00","0.00","0.00","0.00","0.00","0.00"
"Northborough","Northborough","Northborough","0:00:00","0:00:00","0:00:00","0:00:00","0:00:00","0:00:00","0.00","0.00","0.00","0.00","0.00","0.00","0.00","0.00","0.00","0.00","0.00","0.00","0.00","0.00","0.00","0.00","0.00","0.00"
"Northbridge","Northbridge","Northbridge","0:00:00","0:00:00","0:00:00","0:00:00","0:00:00","0:00:00","0.00","0.00","0.00","0.00","0.00","0.00","0.00","0.00","0.00","0.00","0.00","0.00","0.00","0.00","0.00","0.00","0.00","0.00"
"Northfield","Northfield","Northfield","0:00:00","0:00:00","0:00:00","0:00:00","0:00:00","0:00:00","0.00","0.00","0.00","0.00","0.00","0.00","0.00","0.00","0.00","0.00","0.00","0.00","0.00","0.00","0.00","0.00","0.00","0.00"
"Norton","Norton","Norton","0:00:00","0:00:00","0:00:00","0:00:00","0:00:00","0:00:00","0.00","0.00","0.00","0.00","0.00","0.00","0.00","0.00","0.00","0.00","0.00","0.00","0.00","0.00","0.00","0.00","0.00","0.00"
"Norwell","Norwell","Norwell","0:00:00","0:00:00","0:00:00","0:00:00","0:00:00","0:00:00","0.00","0.00","0.00","0.00","0.00","0.00","0.00","0.00","0.00","883.60","0.00","883.60","0.00","0.00","0.00","883.60","0.00","883.60"
"Norwood","Norwood","Norwood","0:00:00","0:00:00","0:00:00","0:00:00","0:00:00","0:00:00","0.00","0.00","0.00","0.00","0.00","0.00","0.00","0.00","0.00","0.00","0.00","0.00","0.00","0.00","0.00","0.00","0.00","0.00"
"Oak Bluffs","Oak Bluffs","Oak Bluffs","8:12:00","0:00:00","0:00:00","0:00:00","0:00:00","8:12:00","885.68","0.00","0.00","0.00","0.00","885.68","0.00","0.00","0.00","0.00","0.00","0.00","885.68","0.00","0.00","0.00","0.00","885.68"
"Oakham","Oakham","Oakham","0:00:00","0:00:00","0:00:00","0:00:00","0:00:00","0:00:00","0.00","0.00","0.00","0.00","0.00","0.00","2232.67","0.00","0.00","0.00","0.00","2232.67","2232.67","0.00","0.00","0.00","0.00","2232.67"
"Orange","Orange","Orange","0:00:00","0:00:00","0:00:00","0:00:00","0:00:00","0:00:00","0.00","0.00","0.00","0.00","0.00","0.00","237.44","0.00","0.00","0.00","0.00","237.44","237.44","0.00","0.00","0.00","0.00","237.44"
"Orleans","Orleans","Orleans","3:12:00","0:00:00","0:00:00","0:00:00","0:00:00","3:12:00","329.73","0.00","0.00","0.00","0.00","329.73","0.00","0.00","0.00","0.00","0.00","0.00","329.73","0.00","0.00","0.00","0.00","329.73"
"Otis","Otis","Otis","4:12:00","0:00:00","0:00:00","0:00:00","0:00:00","4:12:00","437.01","0.00","0.00","0.00","0.00","437.01","0.00","0.00","0.00","0.00","0.00","0.00","437.01","0.00","0.00","0.00","0.00","437.01"
"Oxford","Oxford","Oxford","0:00:00","0:00:00","0:00:00","0:00:00","0:00:00","0:00:00","0.00","0.00","0.00","0.00","0.00","0.00","0.00","0.00","0.00","0.00","0.00","0.00","0.00","0.00","0.00","0.00","0.00","0.00"
"Palmer","Palmer","Palmer","0:00:00","0:00:00","0:00:00","0:00:00","0:00:00","0:00:00","0.00","0.00","0.00","0.00","0.00","0.00","0.00","0.00","0.00","0.00","0.00","0.00","0.00","0.00","0.00","0.00","0.00","0.00"
"Paxton","Paxton","Paxton","0:00:00","0:00:00","0:00:00","0:00:00","0:00:00","0:00:00","0.00","0.00","0.00","0.00","0.00","0.00","0.00","0.00","0.00","0.00","0.00","0.00","0.00","0.00","0.00","0.00","0.00","0.00"
"Peabody","Peabody","Peabody","0:00:00","0:00:00","0:00:00","0:00:00","0:00:00","0:00:00","0.00","0.00","0.00","0.00","0.00","0.00","0.00","0.00","0.00","0.00","0.00","0.00","0.00","0.00","0.00","0.00","0.00","0.00"
"Pembroke","Pembroke","Pembroke","0:00:00","0:00:00","0:00:00","0:00:00","0:00:00","0:00:00","0.00","0.00","0.00","0.00","0.00","0.00","0.00","0.00","0.00","0.00","0.00","0.00","0.00","0.00","0.00","0.00","0.00","0.00"
"Pepperell","Pepperell","Pepperell","0:00:00","0:00:00","0:00:00","0:00:00","0:00:00","0:00:00","0.00","0.00","0.00","0.00","0.00","0.00","0.00","0.00","0.00","0.00","0.00","0.00","0.00","0.00","0.00","0.00","0.00","0.00"
"Petersham","Petersham","Petersham","0:00:00","0:00:00","0:00:00","0:00:00","0:00:00","0:00:00","0.00","0.00","0.00","0.00","0.00","0.00","0.00","0.00","0.00","0.00","0.00","0.00","0.00","0.00","0.00","0.00","0.00","0.00"
"Phillipston","Phillipston","Phillipston","0:00:00","0:00:00","0:00:00","0:00:00","0:00:00","0:00:00","0.00","0.00","0.00","0.00","0.00","0.00","0.00","0.00","0.00","0.00","0.00","0.00","0.00","0.00","0.00","0.00","0.00","0.00"
"Pittsfield","Pittsfield","Pittsfield","0:00:00","0:00:00","0:00:00","0:00:00","0:00:00","0:00:00","0.00","0.00","0.00","0.00","0.00","0.00","0.00","0.00","0.00","0.00","0.00","0.00","0.00","0.00","0.00","0.00","0.00","0.00"
"Plainfield","Plainfield","Plainfield","0:00:00","0:00:00","0:00:00","0:00:00","0:00:00","0:00:00","0.00","0.00","0.00","0.00","0.00","0.00","0.00","0.00","0.00","0.00","0.00","0.00","0.00","0.00","0.00","0.00","0.00","0.00"
"Plainville","Plainville","Plainville","0:00:00","0:00:00","0:00:00","0:00:00","0:00:00","0:00:00","0.00","0.00","0.00","0.00","0.00","0.00","0.00","0.00","0.00","0.00","0.00","0.00","0.00","0.00","0.00","0.00","0.00","0.00"
"Plymouth","Plymouth","Plymouth","0:00:00","0:00:00","0:00:00","0:00:00","0:00:00","0:00:00","0.00","0.00","0.00","0.00","0.00","0.00","0.00","0.00","0.00","0.00","0.00","0.00","0.00","0.00","0.00","0.00","0.00","0.00"
"Plympton","Plympton","Plympton","0:00:00","0:00:00","0:00:00","0:00:00","0:00:00","0:00:00","0.00","0.00","0.00","0.00","0.00","0.00","0.00","0.00","0.00","0.00","0.00","0.00","0.00","0.00","0.00","0.00","0.00","0.00"
"Provincetown","Provincetown","Provincetown","0:00:00","0:00:00","0:00:00","0:00:00","0:00:00","0:00:00","0.00","0.00","0.00","0.00","0.00","0.00","0.00","0.00","0.00","0.00","0.00","0.00","0.00","0.00","0.00","0.00","0.00","0.00"
"Quincy","Quincy","Quincy","0:00:00","0:00:00","0:00:00","0:00:00","0:00:00","0:00:00","0.00","0.00","0.00","0.00","0.00","0.00","0.00","0.00","0.00","0.00","0.00","0.00","0.00","0.00","0.00","0.00","0.00","0.00"
"Randolph","Randolph","Randolph","0:00:00","0:00:00","0:00:00","0:00:00","0:00:00","0:00:00","0.00","0.00","0.00","0.00","0.00","0.00","0.00","0.00","0.00","1548.67","0.00","1548.67","0.00","0.00","0.00","1548.67","0.00","1548.67"
"Raynham","Raynham","Raynham","0:00:00","0:00:00","9:12:00","0:00:00","0:00:00","9:12:00","0.00","0.00","929.66","0.00","0.00","929.66","0.00","0.00","0.00","0.00","0.00","0.00","0.00","0.00","929.66","0.00","0.00","929.66"
"Reading","Reading","Reading","11:12:00","0:00:00","0:00:00","0:00:00","0:00:00","11:12:00","1131.87","0.00","0.00","0.00","0.00","1131.87","0.00","0.00","0.00","0.00","0.00","0.00","1131.87","0.00","0.00","0.00","0.00","1131.87"
"Rehoboth","Rehoboth","Rehoboth","0:00:00","0:00:00","0:00:00","0:00:00","0:00:00","0:00:00","0.00","0.00","0.00","0.00","0.00","0.00","450.71","0.00","0.00","0.00","0.00","450.71","450.71","0.00","0.00","0.00","0.00","450.71"
"Revere","Revere","Revere","0:00:00","0:00:00","0:00:00","0:00:00","0:00:00","0:00:00","0.00","0.00","0.00","0.00","0.00","0.00","883.60","0.00","0.00","0.00","0.00","883.60","883.60","0.00","0.00","0.00","0.00","883.60"
"Richmond","Richmond","Richmond","0:00:00","0:00:00","0:00:00","0:00:00","0:00:00","0:00:00","0.00","0.00","0.00","0.00","0.00","0.00","0.00","0.00","0.00","0.00","0.00","0.00","0.00","0.00","0.00","0.00","0.00","0.00"
"Rochester","Rochester","Rochester","8:12:00","0:00:00","0:00:00","0:00:00","0:00:00","8:12:00","829.02","0.00","0.00","0.00","0.00","829.02","0.00","0.00","0.00","0.00","0.00","0.00","829.02","0.00","0.00","0.00","0.00","829.02"
"Rockland","Rockland","Rockland","0:00:00","0:00:00","0:00:00","0:00:00","0:00:00","0:00:00","0.00","0.00","0.00","0.00","0.00","0.00","0.00","0.00","0.00","0.00","0.00","0.00","0.00","0.00","0.00","0.00","0.00","0.00"
"Rowe","Rowe","Rowe","0:00:00","0:00:00","0:00:00","0:00:00","0:00:00","0:00:00","0.00","0.00","0.00","0.00","0.00","0.00","0.00","0.00","0.00","0.00","0.00","0.00","0.00","0.00","0.00","0.00","0.00","0.00"
"Rowley","Rowley","Rowley","0:00:00","0:00:00","0:00:00","0:00:00","0:00:00","0:00:00","0.00","0.00","0.00","0.00","0.00","0.00","0.00","0.00","0.00","0.00","0.00","0.00","0.00","0.00","0.00","0.00","0.00","0.00"
"Russell","Russell","Russell","0:00:00","0:00:00","0:00:00","0:00:00","0:00:00","0:00:00","0.00","0.00","0.00","0.00","0.00","0.00","0.00","0.00","0.00","0.00","0.00","0.00","0.00","0.00","0.00","0.00","0.00","0.00"
"Rutland","Rutland","Rutland","0:00:00","0:00:00","0:00:00","0:00:00","0:00:00","0:00:00","0.00","0.00","0.00","0.00","0.00","0.00","0.00","0.00","0.00","0.00","0.00","0.00","0.00","0.00","0.00","0.00","0.00","0.00"
"Salem","Salem","Salem","0:00:00","0:00:00","0:00:00","0:00:00","0:00:00","0:00:00","0.00","0.00","0.00","0.00","0.00","0.00","0.00","0.00","0.00","0.00","0.00","0.00","0.00","0.00","0.00","0.00","0.00","0.00"
"Salisbury","Salisbury","Salisbury","0:00:00","0:00:00","0:00:00","0:00:00","0:00:00","0:00:00","0.00","0.00","0.00","0.00","0.00","0.00","0.00","0.00","0.00","0.00","0.00","0.00","0.00","0.00","0.00","0.00","0.00","0.00"
"Sandisfield","Sandisfield","Sandisfield","0:00:00","0:00:00","0:00:00","0:00:00","0:00:00","0:00:00","0.00","0.00","0.00","0.00","0.00","0.00","0.00","0.00","0.00","0.00","0.00","0.00","0.00","0.00","0.00","0.00","0.00","0.00"
"Sandwich","Sandwich","Sandwich","0:00:00","0:00:00","0:00:00","0:00:00","0:00:00","0:00:00","0.00","0.00","0.00","0.00","0.00","0.00","0.00","0.00","0.00","0.00","0.00","0.00","0.00","0.00","0.00","0.00","0.00","0.00"
"Saugus","Saugus","Saugus","0:00:00","0:00:00","0:00:00","0:00:00","0:00:00","0:00:00","0.00","0.00","0.00","0.00","0.00","0.00","0.00","0.00","0.00","0.00","0.00","0.00","0.00","0.00","0.00","0.00","0.00","0.00"
"Scituate","Scituate","Scituate","0:00:00","0:00:00","0:00:00","0:00:00","0:00:00","0:00:00","0.00","0.00","0.00","0.00","0.00","0.00","0.00","0.00","0.00","0.00","0.00","0.00","0.00","0.00","0.00","0.00","0.00","0.00"
"Seekonk","Seekonk","Seekonk","0:00:00","0:00:00","0:00:00","0:00:00","0:00:00","0:00:00","0.00","0.00","0.00","0.00","0.00","0.00","0.00","0.00","0.00","0.00","0.00","0.00","0.00","0.00","0.00","0.00","0.00","0.00"
"Sheffield","Sheffield","Sheffield","0:00:00","0:00:00","0:00:00","0:00:00","0:00:00","0:00:00","0.00","0.00","0.00","0.00","0.00","0.00","0.00","0.00","0.00","0.00","0.00","0.00","0.00","0.00","0.00","0.00","0.00","0.00"
"Shelburne","Shelburne","Shelburne","0:00:00","0:00:00","0:00:00","0:00:00","0:00:00","0:00:00","0.00","0.00","0.00","0.00","0.00","0.00","0.00","0.00","0.00","0.00","0.00","0.00","0.00","0.00","0.00","0.00","0.00","0.00"
"Sherborn","Sherborn","Sherborn","0:00:00","0:00:00","0:00:00","0:00:00","0:00:00","0:00:00","0.00","0.00","0.00","0.00","0.00","0.00","0.00","0.00","0.00","2232.67","0.00","2232.67","0.00","0.00","0.00","2232.67","0.00","2232.67"
"Shirley","Shirley","Shirley","0:00:00","0:00:00","1:12:00","0:00:00","0:00:00","1:12:00","0.00","0.00","145.32","0.00","0.00","145.32","0.00","0.00","0.00","0.00","0.00","0.00","0.00","0.00","145.32","0.00","0.00","145.32"
"Shrewsbury","Shrewsbury","Shrewsbury","3:12:00","0:00:00","0:00:00","0:00:00","0:00:00","3:12:00","473.95","0.00","0.00","0.00","0.00","473.95","0.00","0.00","0.00","0.00","0.00","0.00","473.95","0.00","0.00","0.00","0.00","473.95"
"Shutesbury","Shutesbury","Shutesbury","0:00:00","0:00:00","0:00:00","0:00:00","0:00:00","0:00:00","0.00","0.00","0.00","0.00","0.00","0.00","1103.18","0.00","0.00","0.00","0.00","1103.18","1103.18","0.00","0.00","0.00","0.00","1103.18"
"Somerset","Somerset","Somerset","0:00:00","0:00:00","0:00:00","0:00:00","0:00:00","0:00:00","0.00","0.00","0.00","0.00","0.00","0.00","1548.67","0.00","0.00","0.00","0.00","1548.67","1548.67","0.00","0.00","0.00","0.00","1548.67"
"Somerville","Somerville","Somerville","9:12:00","0:00:00","0:00:00","0:00:00","0:00:00","9:12:00","2402.49","0.00","0.00","0.00","0.00","2402.49","0.00","0.00","0.00","0.00","0.00","0.00","2402.49","0.00","0.00","0.00","0.00","2402.49"
"South.Hadley","South.Hadley","South.Hadley","11:12:00","0:00:00","0:00:00","0:00:00","0:00:00","11:12:00","382.48","0.00","0.00","0.00","0.00","382.48","0.00","0.00","0.00","0.00","0.00","0.00","382.48","0.00","0.00","0.00","0.00","382.48"
"Southampton","Southampton","Southampton","0:00:00","0:00:00","0:00:00","0:00:00","0:00:00","0:00:00","0.00","0.00","0.00","0.00","0.00","0.00","0.00","0.00","0.00","0.00","0.00","0.00","0.00","0.00","0.00","0.00","0.00","0.00"
"Southbridge","Southbridge","Southbridge","0:00:00","0:00:00","0:00:00","0:00:00","0:00:00","0:00:00","0.00","0.00","0.00","0.00","0.00","0.00","0.00","0.00","0.00","0.00","0.00","0.00","0.00","0.00","0.00","0.00","0.00","0.00"
"Southwick","Southwick","Southwick","0:00:00","0:00:00","0:00:00","0:00:00","0:00:00","0:00:00","0.00","0.00","0.00","0.00","0.00","0.00","0.00","0.00","0.00","0.00","0.00","0.00","0.00","0.00","0.00","0.00","0.00","0.00"
"Spencer","Spencer","Spencer","0:00:00","0:00:00","0:00:00","0:00:00","0:00:00","0:00:00","0.00","0.00","0.00","0.00","0.00","0.00","0.00","0.00","0.00","0.00","0.00","0.00","0.00","0.00","0.00","0.00","0.00","0.00"
"Springfield","Springfield","Springfield","0:00:00","0:00:00","0:00:00","0:00:00","0:00:00","0:00:00","0.00","0.00","0.00","0.00","0.00","0.00","0.00","0.00","0.00","0.00","0.00","0.00","0.00","0.00","0.00","0.00","0.00","0.00"
"Sterling","Sterling","Sterling","0:00:00","0:00:00","0:00:00","0:00:00","0:00:00","0:00:00","0.00","0.00","0.00","0.00","0.00","0.00","0.00","0.00","0.00","0.00","0.00","0.00","0.00","0.00","0.00","0.00","0.00","0.00"
"Stockbridge","Stockbridge","Stockbridge","0:00:00","0:00:00","0:00:00","0:00:00","0:00:00","0:00:00","0.00","0.00","0.00","0.00","0.00","0.00","0.00","0.00","0.00","0.00","0.00","0.00","0.00","0.00","0.00","0.00","0.00","0.00"
"Stoneham","Stoneham","Stoneham","0:00:00","0:00:00","0:00:00","0:00:00","0:00:00","0:00:00","0.00","0.00","0.00","0.00","0.00","0.00","0.00","0.00","0.00","0.00","0.00","0.00","0.00","0.00","0.00","0.00","0.00","0.00"
"Stow","Stow","Stow","0:00:00","0:00:00","0:00:00","0:00:00","0:00:00","0:00:00","0.00","0.00","0.00","0.00","0.00","0.00","0.00","0.00","0.00","0.00","0.00","0.00","0.00","0.00","0.00","0.00","0.00","0.00"
"Sturbridge","Sturbridge","Sturbridge","0:00:00","0:00:00","0:00:00","0:00:00","0:00:00","0:00:00","0.00","0.00","0.00","0.00","0.00","0.00","0.00","0.00","0.00","0.00","0.00","0.00","0.00","0.00","0.00","0.00","0.00","0.00"
"Sunderland","Sunderland","Sunderland","0:00:00","0:00:00","0:00:00","0:00:00","0:00:00","0:00:00","0.00","0.00","0.00","0.00","0.00","0.00","0.00","0.00","0.00","0.00","0.00","0.00","0.00","0.00","0.00","0.00","0.00","0.00"
"Sutton","Sutton","Sutton","0:00:00","0:00:00","0:00:00","0:00:00","0:00:00","0:00:00","0.00","0.00","0.00","0.00","0.00","0.00","0.00","0.00","0.00","0.00","0.00","0.00","0.00","0.00","0.00","0.00","0.00","0.00"
"Swampscott","Swampscott","Swampscott","0:00:00","0:00:00","0:00:00","0:00:00","0:00:00","0:00:00","0.00","0.00","0.00","0.00","0.00","0.00","0.00","0.00","0.00","0.00","0.00","0.00","0.00","0.00","0.00","0.00","0.00","0.00"
"Swansea","Swansea","Swansea","0:00:00","0:00:00","0:00:00","0:00:00","0:00:00","0:00:00","0.00","0.00","0.00","0.00","0.00","0.00","0.00","0.00","0.00","0.00","0.00","0.00","0.00","0.00","0.00","0.00","0.00","0.00"
"Taunton","Taunton","Taunton","0:00:00","0:00:00","0:00:00","0:00:00","0:00:00","0:00:00","0.00","0.00","0.00","0.00","0.00","0.00","0.00","0.00","0.00","0.00","0.00","0.00","0.00","0.00","0.00","0.00","0.00","0.00"
"Templeton","Templeton","Templeton","0:00:00","0:00:00","0:00:00","0:00:00","0:00:00","0:00:00","0.00","0.00","0.00","0.00","0.00","0.00","0.00","0.00","0.00","450.71","0.00","450.71","0.00","0.00","0.00","450.71","0.00","450.71"
"Tewksbury","Tewksbury","Tewksbury","0:00:00","0:00:00","6:12:00","0:00:00","0:00:00","6:12:00","0.00","0.00","658.13","0.00","0.00","658.13","0.00","0.00","0.00","0.00","0.00","0.00","0.00","0.00","658.13","0.00","0.00","658.13"
"Tolland","Tolland","Tolland","0:00:00","0:00:00","0:00:00","0:00:00","0:00:00","0:00:00","0.00","0.00","0.00","0.00","0.00","0.00","1774.57","0.00","0.00","0.00","0.00","1774.57","1774.57","0.00","0.00","0.00","0.00","1774.57"
"Topsfield","Topsfield","Topsfield","0:00:00","0:00:00","0:00:00","0:00:00","0:00:00","0:00:00","0.00","0.00","0.00","0.00","0.00","0.00","2232.67","0.00","0.00","0.00","0.00","2232.67","2232.67","0.00","0.00","0.00","0.00","2232.67"
"Townsend","Townsend","Townsend","1:12:00","0:00:00","0:00:00","0:00:00","0:00:00","1:12:00","121.43","0.00","0.00","0.00","0.00","121.43","0.00","0.00","0.00","0.00","0.00","0.00","121.43","0.00","0.00","0.00","0.00","121.43"
"Truro","Truro","Truro","3:12:00","0:00:00","0:00:00","0:00:00","0:00:00","3:12:00","330.24","0.00","0.00","0.00","0.00","330.24","0.00","0.00","0.00","0.00","0.00","0.00","330.24","0.00","0.00","0.00","0.00","330.24"
"Tyngsborough","Tyngsborough","Tyngsborough","0:00:00","0:00:00","0:00:00","0:00:00","0:00:00","0:00:00","0.00","0.00","0.00","0.00","0.00","0.00","0.00","0.00","0.00","0.00","0.00","0.00","0.00","0.00","0.00","0.00","0.00","0.00"
"Tyringham","Tyringham","Tyringham","0:00:00","0:00:00","0:00:00","0:00:00","0:00:00","0:00:00","0.00","0.00","0.00","0.00","0.00","0.00","0.00","0.00","0.00","0.00","0.00","0.00","0.00","0.00","0.00","0.00","0.00","0.00"
"Upton","Upton","Upton","0:00:00","0:00:00","0:00:00","0:00:00","0:00:00","0:00:00","0.00","0.00","0.00","0.00","0.00","0.00","0.00","0.00","0.00","0.00","0.00","0.00","0.00","0.00","0.00","0.00","0.00","0.00"
"Uxbridge","Uxbridge","Uxbridge","0:00:00","0:00:00","0:00:00","0:00:00","0:00:00","0:00:00","0.00","0.00","0.00","0.00","0.00","0.00","0.00","0.00","0.00","0.00","0.00","0.00","0.00","0.00","0.00","0.00","0.00","0.00"
"Wakefield","Wakefield","Wakefield","0:00:00","0:00:00","0:00:00","0:00:00","0:00:00","0:00:00","0.00","0.00","0.00","0.00","0.00","0.00","0.00","0.00","0.00","0.00","0.00","0.00","0.00","0.00","0.00","0.00","0.00","0.00"
"Wales","Wales","Wales","0:00:00","0:00:00","0:00:00","0:00:00","0:00:00","0:00:00","0.00","0.00","0.00","0.00","0.00","0.00","0.00","0.00","0.00","0.00","0.00","0.00","0.00","0.00","0.00","0.00","0.00","0.00"
"Waltham","Waltham","Waltham","0:00:00","0:00:00","0:00:00","0:00:00","0:00:00","0:00:00","0.00","0.00","0.00","0.00","0.00","0.00","0.00","0.00","0.00","0.00","0.00","0.00","0.00","0.00","0.00","0.00","0.00","0.00"
"Ware","Ware","Ware","0:00:00","0:00:00","0:00:00","0:00:00","0:00:00","0:00:00","0.00","0.00","0.00","0.00","0.00","0.00","0.00","0.00","0.00","0.00","0.00","0.00","0.00","0.00","0.00","0.00","0.00","0.00"
"Warren","Warren","Warren","0:00:00","0:00:00","0:00:00","0:00:00","0:00:00","0:00:00","0.00","0.00","0.00","0.00","0.00","0.00","0.00","0.00","0.00","0.00","0.00","0.00","0.00","0.00","0.00","0.00","0.00","0.00"
"Warwick","Warwick","Warwick","0:00:00","0:00:00","0:00:00","0:00:00","0:00:00","0:00:00","0.00","0.00","0.00","0.00","0.00","0.00","0.00","0.00","0.00","0.00","0.00","0.00","0.00","0.00","0.00","0.00","0.00","0.00"
"Washington","Washington","Washington","0:00:00","0:00:00","0:00:00","0:00:00","0:00:00","0:00:00","0.00","0.00","0.00","0.00","0.00","0.00","0.00","0.00","0.00","0.00","0.00","0.00","0.00","0.00","0.00","0.00","0.00","0.00"
"Watertown","Watertown","Watertown","0:00:00","0:00:00","0:00:00","0:00:00","0:00:00","0:00:00","0.00","0.00","0.00","0.00","0.00","0.00","0.00","0.00","0.00","0.00","0.00","0.00","0.00","0.00","0.00","0.00","0.00","0.00"
"Wayland","Wayland","Wayland","0:00:00","0:00:00","0:00:00","0:00:00","0:00:00","0:00:00","0.00","0.00","0.00","0.00","0.00","0.00","0.00","0.00","0.00","0.00","0.00","0.00","0.00","0.00","0.00","0.00","0.00","0.00"
"Webster","Webster","Webster","0:00:00","0:00:00","0:00:00","0:00:00","0:00:00","0:00:00","0.00","0.00","0.00","0.00","0.00","0.00","0.00","0.00","0.00","0.00","0.00","0.00","0.00","0.00","0.00","0.00","0.00","0.00"
"Wellesley","Wellesley","Wellesley","0:00:00","0:00:00","0:00:00","0:00:00","0:00:00","0:00:00","0.00","0.00","0.00","0.00","0.00","0.00","0.00","0.00","0.00","0.00","0.00","0.00","0.00","0.00","0.00","0.00","0.00","0.00"
"Wendell","Wendell","Wendell","0:00:00","0:00:00","0:00:00","0:00:00","0:00:00","0:00:00","0.00","0.00","0.00","0.00","0.00","0.00","0.00","0.00","0.00","0.00","1103.18","1103.18","0.00","0.00","0.00","0.00","1103.18","1103.18"
"Wenham","Wenham","Wenham","0:00:00","0:00:00","7:12:00","0:00:00","0:00:00","7:12:00","0.00","0.00","728.64","0.00","0.00","728.64","0.00","0.00","0.00","0.00","0.00","0.00","0.00","0.00","728.64","0.00","0.00","728.64"
"West.Boylston","West.Boylston","West.Boylston","0:00:00","9:12:00","0:00:00","0:00:00","0:00:00","9:12:00","0.00","1453.69","0.00","0.00","0.00","1453.69","0.00","0.00","0.00","0.00","0.00","0.00","0.00","1453.69","0.00","0.00","0.00","1453.69"
"West.Bridgewater","West.Bridgewater","West.Bridgewater","0:00:00","0:00:00","0:00:00","0:00:00","0:00:00","0:00:00","0.00","0.00","0.00","0.00","0.00","0.00","2464.88","0.00","0.00","0.00","0.00","2464.88","2464.88","0.00","0.00","0.00","0.00","2464.88"
"West.Brookfield","West.Brookfield","West.Brookfield","0:00:00","0:00:00","0:00:00","0:00:00","0:00:00","0:00:00","0.00","0.00","0.00","0.00","0.00","0.00","450.71","0.00","0.00","0.00","0.00","450.71","450.71","0.00","0.00","0.00","0.00","450.71"
"West.Newbury","West.Newbury","West.Newbury","6:12:00","0:00:00","0:00:00","0:00:00","0:00:00","6:12:00","1457.25","0.00","0.00","0.00","0.00","1457.25","0.00","0.00","0.00","0.00","0.00","0.00","1457.25","0.00","0.00","0.00","0.00","1457.25"
"West.Springfield","West.Springfield","West.Springfield","0:00:00","0:00:00","0:00:00","0:00:00","0:00:00","0:00:00","0.00","0.00","0.00","0.00","0.00","0.00","0.00","0.00","0.00","0.00","0.00","0.00","0.00","0.00","0.00","0.00","0.00","0.00"
"West.Stockbridge","West.Stockbridge","West.Stockbridge","0:00:00","0:00:00","0:00:00","0:00:00","0:00:00","0:00:00","0.00","0.00","0.00","0.00","0.00","0.00","0.00","0.00","0.00","0.00","0.00","0.00","0.00","0.00","0.00","0.00","0.00","0.00"
"West.Tisbury","West.Tisbury","West.Tisbury","0:00:00","0:00:00","0:00:00","0:00:00","0:00:00","0:00:00","0.00","0.00","0.00","0.00","0.00","0.00","0.00","0.00","0.00","0.00","0.00","0.00","0.00","0.00","0.00","0.00","0.00","0.00"
"Westborough","Westborough","Westborough","0:00:00","0:00:00","0:00:00","0:00:00","0:00:00","0:00:00","0.00","0.00","0.00","0.00","0.00","0.00","0.00","0.00","0.00","0.00","0.00","0.00","0.00","0.00","0.00","0.00","0.00","0.00"
"Westford","Westford","Westford","0:00:00","0:00:00","0:00:00","0:00:00","0:00:00","0:00:00","0.00","0.00","0.00","0.00","0.00","0.00","0.00","0.00","0.00","0.00","0.00","0.00","0.00","0.00","0.00","0.00","0.00","0.00"
"Westhampton","Westhampton","Westhampton","0:00:00","0:00:00","0:00:00","0:00:00","0:00:00","0:00:00","0.00","0.00","0.00","0.00","0.00","0.00","0.00","0.00","0.00","0.00","0.00","0.00","0.00","0.00","0.00","0.00","0.00","0.00"
"Weston","Weston","Weston","0:00:00","0:00:00","0:00:00","0:00:00","0:00:00","0:00:00","0.00","0.00","0.00","0.00","0.00","0.00","0.00","0.00","0.00","0.00","0.00","0.00","0.00","0.00","0.00","0.00","0.00","0.00"
"Westport","Westport","Westport","0:00:00","0:00:00","0:00:00","0:00:00","0:00:00","0:00:00","0.00","0.00","0.00","0.00","0.00","0.00","0.00","0.00","0.00","0.00","0.00","0.00","0.00","0.00","0.00","0.00","0.00","0.00"
"Westwood","Westwood","Westwood","0:00:00","0:00:00","0:00:00","0:00:00","0:00:00","0:00:00","0.00","0.00","0.00","0.00","0.00","0.00","0.00","0.00","0.00","0.00","0.00","0.00","0.00","0.00","0.00","0.00","0.00","0.00"
"Weymouth","Weymouth","Weymouth","0:00:00","0:00:00","0:00:00","0:00:00","0:00:00","0:00:00","0.00","0.00","0.00","0.00","0.00","0.00","0.00","0.00","0.00","0.00","0.00","0.00","0.00","0.00","0.00","0.00","0.00","0.00"
"Whately","Whately","Whately","0:00:00","0:00:00","0:00:00","0:00:00","0:00:00","0:00:00","0.00","0.00","0.00","0.00","0.00","0.00","0.00","0.00","0.00","0.00","0.00","0.00","0.00","0.00","0.00","0.00","0.00","0.00"
"Whitman","Whitman","Whitman","0:00:00","0:00:00","0:00:00","0:00:00","0:00:00","0:00:00","0.00","0.00","0.00","0.00","0.00","0.00","0.00","0.00","0.00","0.00","0.00","0.00","0.00","0.00","0.00","0.00","0.00","0.00"
"Wilbraham","Wilbraham","Wilbraham","0:00:00","0:00:00","0:00:00","0:00:00","0:00:00","0:00:00","0.00","0.00","0.00","0.00","0.00","0.00","0.00","0.00","0.00","0.00","0.00","0.00","0.00","0.00","0.00","0.00","0.00","0.00"
"Williamstown","Williamstown","Williamstown","0:00:00","0:00:00","0:00:00","0:00:00","0:00:00","0:00:00","0.00","0.00","0.00","0.00","0.00","0.00","0.00","0.00","0.00","0.00","0.00","0.00","0.00","0.00","0.00","0.00","0.00","0.00"
"Wilmington","Wilmington","Wilmington","0:00:00","0:00:00","0:00:00","0:00:00","0:00:00","0:00:00","0.00","0.00","0.00","0.00","0.00","0.00","0.00","0.00","0.00","0.00","0.00","0.00","0.00","0.00","0.00","0.00","0.00","0.00"
"Winchester","Winchester","Winchester","0:00:00","0:00:00","0:00:00","0:00:00","0:00:00","0:00:00","0.00","0.00","0.00","0.00","0.00","0.00","0.00","0.00","0.00","0.00","1774.57","1774.57","0.00","0.00","0.00","0.00","1774.57","1774.57"
"Windsor","Windsor","Windsor","0:00:00","0:00:00","0:00:00","0:00:00","0:00:00","0:00:00","0.00","0.00","0.00","0.00","0.00","0.00","0.00","0.00","0.00","0.00","0.00","0.00","0.00","0.00","0.00","0.00","0.00","0.00"
"Winthrop","Winthrop","Winthrop","0:00:00","1:12:00","0:00:00","0:00:00","0:00:00","1:12:00","0.00","121.27","0.00","0.00","0.00","121.27","0.00","0.00","0.00","0.00","0.00","0.00","0.00","121.27","0.00","0.00","0.00","121.27"
"Woburn","Woburn","Woburn","0:00:00","0:00:00","0:00:00","0:00:00","0:00:00","0:00:00","0.00","0.00","0.00","0.00","0.00","0.00","0.00","0.00","0.00","0.00","0.00","0.00","0.00","0.00","0.00","0.00","0.00","0.00"
"Worcester","Worcester","Worcester","0:00:00","0:00:00","0:00:00","0:00:00","0:00:00","0:00:00","0.00","0.00","0.00","0.00","0.00","0.00","1103.18","0.00","0.00","0.00","0.00","1103.18","1103.18","0.00","0.00","0.00","0.00","1103.18"
"Worthington","Worthington","Worthington","7:12:00","0:00:00","0:00:00","0:00:00","0:00:00","7:12:00","771.05","0.00","0.00","0.00","0.00","771.05","0.00","0.00","0.00","0.00","0.00","0.00","771.05","0.00","0.00","0.00","0.00","771.05"
"Wrentham","Wrentham","Wrentham","9:12:00","0:00:00","0:00:00","0:00:00","0:00:00","9:12:00","1003.72","0.00","0.00","0.00","0.00","1003.72","0.00","0.00","0.00","0.00","0.00","0.00","1003.72","0.00","0.00","0.00","0.00","1003.72"
