"10001","DEP","B","Hadley","10.01","01/27/2013","","P","Hadley-1","","bal - new bank"
"10002","DEP","B","Halifax","20.02","01/27/2013","","P","Halifax-2","","bal - new bank"
"10003","PAYT","B","East.Brookfield","185.01","01/28/2013","G:12639","","Default","","Transferred payment"
"10004","PAYT","B","North.Andover","61.53","01/28/2013","I:165","","Default","","Transferred payment"
"10005","PAYT","B","West.Bridgewater","422.01","01/28/2013","G:12845","","Default","","Transferred payment"
"10006","PAYT","B","Abington","25.01","01/28/2013","G:12555","","Default","","Abington - 1 - 1/28/2013"
"10007","PAYT","B","Acton","25.01","01/28/2013","G:12556","","Default","","Acton - 2 - 1/28/2013"
"10008","PAYT","B","Acushnet","25.01","01/28/2013","G:12557","","Default","","Acushnet - 3 - 1/28/2013"
"10009","PAYT","B","Adams","25.01","01/28/2013","G:12558","","Default","","Adams - 4 - 1/28/2013"
"10010","PAYT","B","Agawam","25.01","01/28/2013","G:12559","","Default","","Agawam - 5 - 1/28/2013"
"10011","PAYT","B","Arlington","25.01","01/28/2013","G:12565","","Default","","Arlington - 11 - 1/28/2013"
"10012","PAYT","B","Attleboro","25.01","01/28/2013","G:12571","","Default","","Attleboro - 17 - 1/28/2013"
"10013","PAYT","B","Becket","25.01","01/28/2013","G:12577","","Default","","Becket - 23 - 1/28/2013"
"10014","PAYT","B","Berlin","25.01","01/28/2013","G:12583","","Default","","Berlin - 29 - 1/28/2013"
"10015","PAYT","B","Bolton","25.01","01/28/2013","G:12589","","Default","","Bolton - 35 - 1/28/2013"
"10016","PAYT","B","Braintree","25.01","01/28/2013","G:12595","","Default","","Braintree - 41 - 1/28/2013"
"10017","PAYT","B","Brookline","25.01","01/28/2013","G:12601","","Default","","Brookline - 47 - 1/28/2013"
"10018","PAYT","B","Carver","25.01","01/28/2013","G:12607","","Default","","Carver - 53 - 1/28/2013"
"10019","PAYT","B","Cheshire","25.01","01/28/2013","G:12613","","Default","","Cheshire - 59 - 1/28/2013"
"10020","PAYT","B","Clinton","25.01","01/28/2013","G:12619","","Default","","Clinton - 65 - 1/28/2013"
"10021","PAYT","B","Dalton","25.01","01/28/2013","G:12625","","Default","","Dalton - 71 - 1/28/2013"
"10022","PAYT","B","Dighton","25.01","01/28/2013","G:12631","","Default","","Dighton - 77 - 1/28/2013"
"10023","PAYT","B","Duxbury","25.01","01/28/2013","G:12637","","Default","","Duxbury - 83 - 1/28/2013"
"10024","PAYT","B","Easton","25.01","01/28/2013","G:12643","","Default","","Easton - 89 - 1/28/2013"
"10025","PAYT","B","Fairhaven","25.01","01/28/2013","G:12649","","Default","","Fairhaven - 95 - 1/28/2013"
"10026","PAYT","B","Framingham","25.01","01/28/2013","G:12655","","Default","","Framingham - 101 - 1/28/2013"
"10027","PAYT","B","Gloucester","25.01","01/28/2013","G:12661","","Default","","Gloucester - 107 - 1/28/2013"
"10028","PAYT","B","Great Barrington","25.01","01/28/2013","G:12667","","Default","","Great Barrington - 113 - 1/28/2013"
"10029","PAYT","B","Hamilton","25.01","01/28/2013","G:12672","","Default","","Hamilton - 119 - 1/28/2013"
"10030","PAYT","B","Harvard","25.01","01/28/2013","I:143","","Default","","Harvard - 125 - 1/28/2013"
"10031","PAYT","B","Hingham","25.01","01/28/2013","I:145","","Default","","Hingham - 131 - 1/28/2013"
"10032","PAYT","B","Holyoke","25.01","01/28/2013","G:12686","","Default","","Holyoke - 137 - 1/28/2013"
"10033","PAYT","B","Huntington","25.01","01/28/2013","G:12690","","Default","","Huntington - 143 - 1/28/2013"
"10034","PAYT","B","Lawrence","25.01","01/28/2013","I:148","","Default","","Lawrence - 149 - 1/28/2013"
"10035","PAYT","B","Lexington","25.01","01/28/2013","G:12699","","Default","","Lexington - 155 - 1/28/2013"
"10036","PAYT","B","Ludlow","25.01","01/28/2013","G:12703","","Default","","Ludlow - 161 - 1/28/2013"
"10037","PAYT","B","Mansfield","25.01","01/28/2013","G:12708","","Default","","Mansfield - 167 - 1/28/2013"
"10038","PAYT","B","Mattapoisett","25.01","01/28/2013","G:12713","","Default","","Mattapoisett - 173 - 1/28/2013"
"10039","PAYT","B","Mendon","25.01","01/28/2013","G:12718","","Default","","Mendon - 179 - 1/28/2013"
"10040","PAYT","B","Milford","25.01","01/28/2013","G:12723","","Default","","Milford - 185 - 1/28/2013"
"10041","PAYT","B","Monson","25.01","01/28/2013","G:12727","","Default","","Monson - 191 - 1/28/2013"
"10042","PAYT","B","Nantucket","25.01","01/28/2013","I:160","","Default","","Nantucket - 197 - 1/28/2013"
"10043","PAYT","B","New Marlborough","25.01","01/28/2013","G:12735","","Default","","New Marlborough - 203 - 1/28/2013"
"10044","PAYT","B","North.Adams","25.01","01/28/2013","G:12739","","Default","","North.Adams - 209 - 1/28/2013"
"10045","PAYT","B","Northborough","25.01","01/28/2013","I:167","","Default","","Northborough - 215 - 1/28/2013"
"10046","PAYT","B","Oak Bluffs","25.01","01/28/2013","G:12748","","Default","","Oak Bluffs - 221 - 1/28/2013"
"10047","PAYT","B","Palmer","25.01","01/28/2013","G:12753","","Default","","Palmer - 227 - 1/28/2013"
"10048","PAYT","B","Peru","25.01","01/28/2013","G:12759","","Default","","Peru - 233 - 1/28/2013"
"10049","PAYT","B","Plymouth","25.01","01/28/2013","G:12765","","Default","","Plymouth - 239 - 1/28/2013"
"10050","PAYT","B","Raynham","25.01","01/28/2013","G:12771","","Default","","Raynham - 245 - 1/28/2013"
"10051","PAYT","B","Rockland","25.01","01/28/2013","G:12776","","Default","","Rockland - 251 - 1/28/2013"
"10052","PAYT","B","Rutland","25.01","01/28/2013","G:12782","","Default","","Rutland - 257 - 1/28/2013"
"10053","PAYT","B","Savoy","25.01","01/28/2013","G:12788","","Default","","Savoy - 263 - 1/28/2013"
"10054","PAYT","B","Sherborn","25.01","01/28/2013","G:12794","","Default","","Sherborn - 269 - 1/28/2013"
"10055","PAYT","B","South.Hadley","25.01","01/28/2013","I:170","","Default","","South.Hadley - 275 - 1/28/2013"
"10056","PAYT","B","Springfield","25.01","01/28/2013","G:12805","","Default","","Springfield - 281 - 1/28/2013"
"10057","PAYT","B","Sturbridge","25.01","01/28/2013","G:12811","","Default","","Sturbridge - 287 - 1/28/2013"
"10058","PAYT","B","Taunton","25.01","01/28/2013","G:12817","","Default","","Taunton - 293 - 1/28/2013"
"10059","PAYT","B","Townsend","25.01","01/28/2013","G:12823","","Default","","Townsend - 299 - 1/28/2013"
"10060","PAYT","B","Wakefield","25.01","01/28/2013","G:12828","","Default","","Wakefield - 305 - 1/28/2013"
"10061","PAYT","B","Warren","25.01","01/28/2013","G:12834","","Default","","Warren - 311 - 1/28/2013"
"10062","PAYT","B","Wellesley","25.01","01/28/2013","G:12840","","Default","","Wellesley - 317 - 1/28/2013"
"10063","PAYT","B","West.Brookfield","25.01","01/28/2013","G:12846","","Default","","West.Brookfield - 323 - 1/28/2013"
"10064","PAYT","B","Westfield","25.01","01/28/2013","G:12851","","Default","","Westfield - 329 - 1/28/2013"
"10065","PAYT","B","Westwood","25.01","01/28/2013","G:12857","","Default","","Westwood - 335 - 1/28/2013"
"10066","PAYT","B","Williamstown","25.01","01/28/2013","G:12863","","Default","","Williamstown - 341 - 1/28/2013"
"10067","PAYT","B","Woburn","25.01","01/28/2013","G:12869","","Default","","Woburn - 347 - 1/28/2013"
"10068","PAYT","B","Hadley","21.01","01/28/2013","G:12670","","Hadley-1","pta-1-1","bds-pta: Hadley - 1/28/2013 . Check No. pta-1-1"
"10069","DEP","B","Hadley","11.01","01/28/2013","G:12670","","Hadley-1","dep-1-1","bds-dep: Hadley - 1/28/2013 . Check No. dep-1-1"
"10070","PAYT","B","Halifax","22.01","01/28/2013","G:12671","","Halifax-2","pta-2-1","bds-pta: Halifax - 1/28/2013 . Check No. pta-2-1"
"10071","DEP","B","Halifax","12.01","01/28/2013","G:12671","","Halifax-2","dep-2-1","bds-dep: Halifax - 1/28/2013 . Check No. dep-2-1"
"10072","PAYF","B","Agawam","(25.01)","02/27/2013","G:12559","","Default","","Payment from account"
"10073","PAYF","B","East.Longmeadow","(120.47)","02/27/2013","G:12640","","Default","","Payment from account"
"10074","PAYF","B","Holyoke","(1.95)","02/27/2013","G:12686","","Default","","Payment from account"
"10075","PAYF","B","Huntington","(1.13)","02/27/2013","G:12690","","Default","","Payment from account"
"10076","PAYF","B","Ludlow","(3.40)","02/27/2013","G:12703","","Default","","Payment from account"
"10077","PAYF","B","Monson","(2.80)","02/27/2013","G:12727","","Default","","Payment from account"
"10078","PAYF","B","Palmer","(25.01)","02/27/2013","G:12753","","Default","","Payment from account"
"10079","PAYF","B","Warren","(25.01)","02/27/2013","G:12834","","Default","","Payment from account"
"10080","PAYF","B","West.Brookfield","(25.01)","02/27/2013","G:12846","","Default","","Payment from account"
"10081","PAYF","B","West.Tisbury","(422.01)","02/27/2013","G:12849","","Default","","Payment from account"
"10082","PAYF","B","Adams","(25.01)","02/27/2013","G:12558","","Default","","Payment from account"
"10083","PAYF","B","Becket","(25.01)","02/27/2013","G:12577","","Default","","Payment from account"
"10084","PAYF","B","Cheshire","(25.01)","02/27/2013","G:12613","","Default","","Payment from account"
"10085","PAYF","B","Dalton","(25.01)","02/27/2013","G:12625","","Default","","Payment from account"
"10086","PAYF","B","Great Barrington","(25.01)","02/27/2013","G:12667","","Default","","Payment from account"
"10087","PAYF","B","Peru","(25.01)","02/27/2013","G:12759","","Default","","Payment from account"
"10088","PAYF","B","New Marlborough","(1.19)","02/27/2013","G:12735","","Default","","Payment from account"
"10089","PAYF","B","North.Reading","(5.53)","02/27/2013","G:12742","","Default","","Payment from account"
"10090","PAYF","B","Williamstown","(25.01)","02/27/2013","G:12863","","Default","","Payment from account"
"10091","PAYF","B","Berlin","(3.46)","02/27/2013","G:12583","","Default","","Payment from account"
"10092","PAYF","B","Clinton","(25.01)","02/27/2013","G:12619","","Default","","Payment from account"
"10093","PAYF","B","Rutland","(25.01)","02/27/2013","G:12782","","Default","","Payment from account"
"10094","PAYF","B","Sturbridge","(25.01)","02/27/2013","G:12811","","Default","","Payment from account"
"10095","PAYF","B","Framingham","(25.01)","02/27/2013","G:12655","","Default","","Payment from account"
"10096","PAYF","B","Acton","(25.01)","02/27/2013","G:12556","","Default","","Payment from account"
"10097","PAYF","B","Bolton","(25.01)","02/27/2013","G:12589","","Default","","Payment from account"
"10098","PAYF","B","Mendon","(0.27)","02/27/2013","G:12718","","Default","","Payment from account"
"10099","PAYF","B","Milford","(4.11)","02/27/2013","G:12723","","Default","","Payment from account"
"10100","PAYF","B","Sherborn","(25.01)","02/27/2013","G:12794","","Default","","Payment from account"
"10101","PAYF","B","Wakefield","(25.01)","02/27/2013","G:12828","","Default","","Payment from account"
"10102","PAYF","B","Gloucester","(25.01)","02/27/2013","G:12661","","Default","","Payment from account"
"10103","PAYF","B","Hamilton","(3.51)","02/27/2013","G:12672","","Default","","Payment from account"
"10104","PAYF","B","Mansfield","(0.99)","02/27/2013","G:12708","","Default","","Payment from account"
"10105","PAYF","B","Westwood","(25.01)","02/27/2013","G:12857","","Default","","Payment from account"
"10106","PAYF","B","Braintree","(25.01)","02/27/2013","G:12595","","Default","","Payment from account"
"10107","PAYF","B","Carver","(25.01)","02/27/2013","G:12607","","Default","","Payment from account"
"10108","PAYF","B","Duxbury","(25.01)","02/27/2013","G:12637","","Default","","Payment from account"
"10109","PAYF","B","Easton","(25.01)","02/27/2013","G:12643","","Default","","Payment from account"
"10110","PAYF","B","Abington","(25.01)","02/27/2013","G:12555","","Default","","Payment from account"
"10111","PAYF","B","Plymouth","(25.01)","02/27/2013","G:12765","","Default","","Payment from account"
"10112","PAYF","B","Rockland","(25.01)","02/27/2013","G:12776","","Default","","Payment from account"
"10113","PAYF","B","Lexington","(1.57)","02/27/2013","G:12699","","Default","","Payment from account"
"10114","PAYF","B","Brookline","(25.01)","02/27/2013","G:12601","","Default","","Payment from account"
"10115","PAYF","B","Arlington","(5.05)","02/27/2013","G:12565","","Default","","Payment from account"
"10116","PAYF","B","Wellesley","(25.01)","02/27/2013","G:12840","","Default","","Payment from account"
"10117","PAYF","B","Oak Bluffs","(25.01)","02/27/2013","G:12748","","Default","","Payment from account"
"10118","PAYF","B","Attleboro","(25.01)","02/27/2013","G:12571","","Default","","Payment from account"
"10119","PAYF","B","Dighton","(5.20)","02/27/2013","G:12631","","Default","","Payment from account"
"10120","PAYF","B","Fairhaven","(10.63)","02/27/2013","G:12649","","Default","","Payment from account"
"10121","PAYF","B","Mattapoisett","(3.92)","02/27/2013","G:12713","","Default","","Payment from account"
"10122","PAYF","B","Acushnet","(25.01)","02/27/2013","G:12557","","Default","","Payment from account"
"10123","PAYF","B","Raynham","(25.01)","02/27/2013","G:12771","","Default","","Payment from account"
"10124","PAYF","B","Taunton","(25.01)","02/27/2013","G:12817","","Default","","Payment from account"
"10125","PAYT","B","East.Brookfield","185.02","02/28/2013","G:12939","","Default","","Transferred payment"
"10126","PAYT","B","North.Andover","12.01","02/28/2013","G:13055","","Default","","Transferred payment"
"10127","PAYT","B","West.Bridgewater","422.02","02/28/2013","G:13162","","Default","","Transferred payment"
"10128","PAYT","B","Abington","25.02","02/28/2013","G:12873","","Default","","Abington - 1 - 2/28/2013"
"10129","PAYT","B","Acton","25.02","02/28/2013","G:12874","","Default","","Acton - 2 - 2/28/2013"
"10130","PAYT","B","Acushnet","25.02","02/28/2013","G:12875","","Default","","Acushnet - 3 - 2/28/2013"
"10131","PAYT","B","Adams","25.02","02/28/2013","G:12876","","Default","","Adams - 4 - 2/28/2013"
"10132","PAYT","B","Agawam","25.02","02/28/2013","G:12877","","Default","","Agawam - 5 - 2/28/2013"
"10133","PAYT","B","Aquinnah","25.02","02/28/2013","G:12882","","Default","","Aquinnah - 10 - 2/28/2013"
"10134","PAYT","B","Athol","25.02","02/28/2013","G:12888","","Default","","Athol - 16 - 2/28/2013"
"10135","PAYT","B","Barre","25.02","02/28/2013","G:12892","","Default","","Barre - 22 - 2/28/2013"
"10136","PAYT","B","Berkley","25.02","02/28/2013","I:178","","Default","","Berkley - 28 - 2/28/2013"
"10137","PAYT","B","Blandford","25.02","02/28/2013","I:180","","Default","","Blandford - 34 - 2/28/2013"
"10138","PAYT","B","Boylston","25.02","02/28/2013","G:12904","","Default","","Boylston - 40 - 2/28/2013"
"10139","PAYT","B","Brookfield","25.02","02/28/2013","G:12909","","Default","","Brookfield - 46 - 2/28/2013"
"10140","PAYT","B","Carlisle","25.02","02/28/2013","G:12914","","Default","","Carlisle - 52 - 2/28/2013"
"10141","PAYT","B","Chelsea","25.02","02/28/2013","G:12919","","Default","","Chelsea - 58 - 2/28/2013"
"10142","PAYT","B","Clarksburg","25.02","02/28/2013","G:12924","","Default","","Clarksburg - 64 - 2/28/2013"
"10143","PAYT","B","Cummington","25.02","02/28/2013","G:12929","","Default","","Cummington - 70 - 2/28/2013"
"10144","PAYT","B","Dennis","25.02","02/28/2013","I:189","","Default","","Dennis - 76 - 2/28/2013"
"10145","PAYT","B","Dunstable","25.02","02/28/2013","G:12937","","Default","","Dunstable - 82 - 2/28/2013"
"10146","PAYT","B","Easthampton","25.02","02/28/2013","I:193","","Default","","Easthampton - 88 - 2/28/2013"
"10147","PAYT","B","Everett","25.02","02/28/2013","I:194","","Default","","Everett - 94 - 2/28/2013"
"10148","PAYT","B","Foxborough","25.02","02/28/2013","I:196","","Default","","Foxborough - 100 - 2/28/2013"
"10149","PAYT","B","Gill","25.02","02/28/2013","G:12954","","Default","","Gill - 106 - 2/28/2013"
"10150","PAYT","B","Granville","25.02","02/28/2013","G:12959","","Default","","Granville - 112 - 2/28/2013"
"10151","PAYT","B","Halifax","25.02","02/28/2013","G:12965","","Default","","Halifax - 118 - 2/28/2013"
"10152","PAYT","B","Hardwick","25.02","02/28/2013","G:12971","","Default","","Hardwick - 124 - 2/28/2013"
"10153","PAYT","B","Heath","25.02","02/28/2013","G:12977","","Default","","Heath - 130 - 2/28/2013"
"10154","PAYT","B","Holliston","25.02","02/28/2013","G:12983","","Default","","Holliston - 136 - 2/28/2013"
"10155","PAYT","B","Hull","25.02","02/28/2013","G:12989","","Default","","Hull - 142 - 2/28/2013"
"10156","PAYT","B","Lanesborough","25.02","02/28/2013","G:12995","","Default","","Lanesborough - 148 - 2/28/2013"
"10157","PAYT","B","Leverett","25.02","02/28/2013","G:13000","","Default","","Leverett - 154 - 2/28/2013"
"10158","PAYT","B","Lowell","25.02","02/28/2013","G:13006","","Default","","Lowell - 160 - 2/28/2013"
"10159","PAYT","B","Manchester-by-the-Sea","25.02","02/28/2013","G:13012","","Default","","Manchester-by-the-Sea - 166 - 2/28/2013"
"10160","PAYT","B","Mashpee","25.02","02/28/2013","G:13018","","Default","","Mashpee - 172 - 2/28/2013"
"10161","PAYT","B","Melrose","25.02","02/28/2013","G:13024","","Default","","Melrose - 178 - 2/28/2013"
"10162","PAYT","B","Middleton","25.02","02/28/2013","G:13030","","Default","","Middleton - 184 - 2/28/2013"
"10163","PAYT","B","Monroe","25.02","02/28/2013","G:13036","","Default","","Monroe - 190 - 2/28/2013"
"10164","PAYT","B","Nahant","25.02","02/28/2013","G:13042","","Default","","Nahant - 196 - 2/28/2013"
"10165","PAYT","B","New Braintree","25.02","02/28/2013","G:13047","","Default","","New Braintree - 202 - 2/28/2013"
"10166","PAYT","B","Norfolk","25.02","02/28/2013","G:13053","","Default","","Norfolk - 208 - 2/28/2013"
"10167","PAYT","B","Northampton","25.02","02/28/2013","G:13059","","Default","","Northampton - 214 - 2/28/2013"
"10168","PAYT","B","Norwood","25.02","02/28/2013","G:13065","","Default","","Norwood - 220 - 2/28/2013"
"10169","PAYT","B","Oxford","25.02","02/28/2013","G:13070","","Default","","Oxford - 226 - 2/28/2013"
"10170","PAYT","B","Pepperell","25.02","02/28/2013","G:13076","","Default","","Pepperell - 232 - 2/28/2013"
"10171","PAYT","B","Plainville","25.02","02/28/2013","G:13082","","Default","","Plainville - 238 - 2/28/2013"
"10172","PAYT","B","Randolph","25.02","02/28/2013","G:13088","","Default","","Randolph - 244 - 2/28/2013"
"10173","PAYT","B","Rochester","25.02","02/28/2013","G:13093","","Default","","Rochester - 250 - 2/28/2013"
"10174","PAYT","B","Russell","25.02","02/28/2013","G:13099","","Default","","Russell - 256 - 2/28/2013"
"10175","PAYT","B","Saugus","25.02","02/28/2013","G:13105","","Default","","Saugus - 262 - 2/28/2013"
"10176","PAYT","B","Shelburne","25.02","02/28/2013","G:13111","","Default","","Shelburne - 268 - 2/28/2013"
"10177","PAYT","B","Somerville","25.02","02/28/2013","I:203","","Default","","Somerville - 274 - 2/28/2013"
"10178","PAYT","B","Spencer","25.02","02/28/2013","G:13122","","Default","","Spencer - 280 - 2/28/2013"
"10179","PAYT","B","Stow","25.02","02/28/2013","G:13128","","Default","","Stow - 286 - 2/28/2013"
"10180","PAYT","B","Swansea","25.02","02/28/2013","G:13134","","Default","","Swansea - 292 - 2/28/2013"
"10181","PAYT","B","Topsfield","25.02","02/28/2013","G:13140","","Default","","Topsfield - 298 - 2/28/2013"
"10182","PAYT","B","Uxbridge","25.02","02/28/2013","G:13145","","Default","","Uxbridge - 304 - 2/28/2013"
"10183","PAYT","B","Wareham","25.02","02/28/2013","G:13150","","Default","","Wareham - 310 - 2/28/2013"
"10184","PAYT","B","Webster","25.02","02/28/2013","G:13156","","Default","","Webster - 316 - 2/28/2013"
"10185","PAYT","B","West.Bridgewater","25.02","02/28/2013","G:13162","","Default","","West.Bridgewater - 322 - 2/28/2013"
"10186","PAYT","B","Westborough","25.02","02/28/2013","G:13167","","Default","","Westborough - 328 - 2/28/2013"
"10187","PAYT","B","Westport","25.02","02/28/2013","G:13173","","Default","","Westport - 334 - 2/28/2013"
"10188","PAYT","B","Williamsburg","25.02","02/28/2013","I:208","","Default","","Williamsburg - 340 - 2/28/2013"
"10189","PAYT","B","Winthrop","25.02","02/28/2013","I:214","","Default","","Winthrop - 346 - 2/28/2013"
"10190","PAYT","B","Hadley","21.02","02/28/2013","G:12964","","Hadley-1","pta-1-2","bds-pta: Hadley - 2/28/2013 . Check No. pta-1-2"
"10191","DEP","B","Hadley","11.02","02/28/2013","G:12964","","Hadley-1","dep-1-2","bds-dep: Hadley - 2/28/2013 . Check No. dep-1-2"
"10192","PAYT","B","Halifax","22.02","02/28/2013","G:12965","","Halifax-2","pta-2-2","bds-pta: Halifax - 2/28/2013 . Check No. pta-2-2"
"10193","DEP","B","Halifax","12.02","02/28/2013","G:12965","","Halifax-2","dep-2-2","bds-dep: Halifax - 2/28/2013 . Check No. dep-2-2"
"10194","PAYF","B","Agawam","(6.87)","03/27/2013","G:12877","","Default","","Payment from account"
"10195","PAYF","B","Barre","(0.18)","03/27/2013","G:12892","","Default","","Payment from account"
"10196","PAYF","B","Cummington","(2.50)","03/27/2013","G:12929","","Default","","Payment from account"
"10197","PAYF","B","East.Longmeadow","(0.52)","03/27/2013","G:12940","","Default","","Payment from account"
"10198","PAYF","B","Granville","(0.90)","03/27/2013","G:12959","","Default","","Payment from account"
"10199","PAYF","B","Holyoke","(23.06)","03/27/2013","G:12984","","Default","","Payment from account"
"10200","PAYF","B","Huntington","(0.09)","03/27/2013","G:12990","","Default","","Payment from account"
"10201","PAYF","B","Leverett","(0.10)","03/27/2013","G:13000","","Default","","Payment from account"
"10202","PAYF","B","Ludlow","(3.07)","03/27/2013","G:13007","","Default","","Payment from account"
"10203","PAYF","B","Monson","(22.21)","03/27/2013","G:13037","","Default","","Payment from account"
"10204","PAYF","B","Russell","(25.02)","03/27/2013","G:13099","","Default","","Payment from account"
"10205","PAYF","B","West.Bridgewater","(25.02)","03/27/2013","G:13162","","Default","","Payment from account"
"10206","PAYF","B","West.Tisbury","(422.02)","03/27/2013","G:13166","","Default","","Payment from account"
"10207","PAYF","B","Springfield","(25.01)","03/27/2013","G:13123","","Default","","Payment from account"
"10208","PAYF","B","Adams","(6.76)","03/27/2013","G:12876","","Default","","Payment from account"
"10209","PAYF","B","Lanesborough","(25.02)","03/27/2013","G:12995","","Default","","Payment from account"
"10210","PAYF","B","New Marlborough","(23.82)","03/27/2013","G:13048","","Default","","Payment from account"
"10211","PAYF","B","North.Reading","(68.01)","03/27/2013","G:13058","","Default","","Payment from account"
"10212","PAYF","B","Clarksburg","(3.19)","03/27/2013","G:12924","","Default","","Payment from account"
"10213","PAYF","B","Savoy","(25.01)","03/27/2013","G:13106","","Default","","Payment from account"
"10214","PAYF","B","Athol","(1.71)","03/27/2013","G:12888","","Default","","Payment from account"
"10215","PAYF","B","Heath","(25.02)","03/27/2013","G:12977","","Default","","Payment from account"
"10216","PAYF","B","Monroe","(25.02)","03/27/2013","G:13036","","Default","","Payment from account"
"10217","PAYF","B","Gill","(3.07)","03/27/2013","G:12954","","Default","","Payment from account"
"10218","PAYF","B","Shelburne","(25.02)","03/27/2013","G:13111","","Default","","Payment from account"
"10219","PAYF","B","Harvard","(25.01)","03/27/2013","G:12972","","Default","","Payment from account"
"10220","PAYF","B","Pepperell","(25.02)","03/27/2013","G:13076","","Default","","Payment from account"
"10221","PAYF","B","Berlin","(3.13)","03/27/2013","G:12896","","Default","","Payment from account"
"10222","PAYF","B","Boylston","(3.68)","03/27/2013","G:12904","","Default","","Payment from account"
"10223","PAYF","B","Brookfield","(0.90)","03/27/2013","G:12909","","Default","","Payment from account"
"10224","PAYF","B","New Braintree","(25.02)","03/27/2013","G:13047","","Default","","Payment from account"
"10225","PAYF","B","Northborough","(25.01)","03/27/2013","G:13060","","Default","","Payment from account"
"10226","PAYF","B","Oxford","(25.02)","03/27/2013","G:13070","","Default","","Payment from account"
"10227","PAYF","B","Spencer","(25.02)","03/27/2013","G:13122","","Default","","Payment from account"
"10228","PAYF","B","Webster","(25.02)","03/27/2013","G:13156","","Default","","Payment from account"
"10229","PAYF","B","Westborough","(25.02)","03/27/2013","G:13167","","Default","","Payment from account"
"10230","PAYF","B","Acton","(3.13)","03/27/2013","G:12874","","Default","","Payment from account"
"10231","PAYF","B","Carlisle","(3.54)","03/27/2013","G:12914","","Default","","Payment from account"
"10232","PAYF","B","Holliston","(25.02)","03/27/2013","G:12983","","Default","","Payment from account"
"10233","PAYF","B","Mendon","(24.74)","03/27/2013","G:13025","","Default","","Payment from account"
"10234","PAYF","B","Milford","(20.90)","03/27/2013","G:13031","","Default","","Payment from account"
"10235","PAYF","B","Dunstable","(3.23)","03/27/2013","G:12937","","Default","","Payment from account"
"10236","PAYF","B","Lowell","(25.02)","03/27/2013","G:13006","","Default","","Payment from account"
"10237","PAYF","B","Saugus","(25.02)","03/27/2013","G:13105","","Default","","Payment from account"
"10238","PAYF","B","Nahant","(25.02)","03/27/2013","G:13042","","Default","","Payment from account"
"10239","PAYF","B","Hamilton","(21.50)","03/27/2013","G:12966","","Default","","Payment from account"
"10240","PAYF","B","Manchester-by-the-Sea","(25.02)","03/27/2013","G:13012","","Default","","Payment from account"
"10241","PAYF","B","Middleton","(25.02)","03/27/2013","G:13030","","Default","","Payment from account"
"10242","PAYF","B","Topsfield","(25.02)","03/27/2013","G:13140","","Default","","Payment from account"
"10243","PAYF","B","Hingham","(25.01)","03/27/2013","G:12978","","Default","","Payment from account"
"10244","PAYF","B","Hull","(25.02)","03/27/2013","G:12989","","Default","","Payment from account"
"10245","PAYF","B","Mansfield","(24.02)","03/27/2013","G:13013","","Default","","Payment from account"
"10246","PAYF","B","Norfolk","(25.02)","03/27/2013","G:13053","","Default","","Payment from account"
"10247","PAYF","B","Chelsea","(0.71)","03/27/2013","G:12919","","Default","","Payment from account"
"10248","PAYF","B","Melrose","(25.02)","03/27/2013","G:13024","","Default","","Payment from account"
"10249","PAYF","B","Halifax","(25.02)","03/27/2013","G:12965","","Default","","Payment from account"
"10250","PAYF","B","Abington","(1.99)","03/27/2013","G:12873","","Default","","Payment from account"
"10251","PAYF","B","Randolph","(25.02)","03/27/2013","G:13088","","Default","","Payment from account"
"10252","PAYF","B","Lexington","(23.44)","03/27/2013","G:13001","","Default","","Payment from account"
"10253","PAYF","B","Arlington","(4.56)","03/27/2013","G:12883","","Default","","Payment from account"
"10254","PAYF","B","Nantucket","(25.01)","03/27/2013","G:13043","","Default","","Payment from account"
"10255","PAYF","B","Wareham","(25.02)","03/27/2013","G:13150","","Default","","Payment from account"
"10256","PAYF","B","Mashpee","(3.08)","03/27/2013","G:13018","","Default","","Payment from account"
"10257","PAYF","B","Dighton","(4.70)","03/27/2013","G:12933","","Default","","Payment from account"
"10258","PAYF","B","Fairhaven","(9.60)","03/27/2013","G:12946","","Default","","Payment from account"
"10259","PAYF","B","Mattapoisett","(21.09)","03/27/2013","G:13019","","Default","","Payment from account"
"10260","PAYF","B","Acushnet","(4.51)","03/27/2013","G:12875","","Default","","Payment from account"
"10261","PAYF","B","Rochester","(25.02)","03/27/2013","G:13093","","Default","","Payment from account"
"10262","PAYF","B","Swansea","(25.02)","03/27/2013","G:13134","","Default","","Payment from account"
"10263","PAYF","B","Westport","(25.02)","03/27/2013","G:13173","","Default","","Payment from account"
"10264","PAYT","B","East.Brookfield","6.70","03/28/2013","G:13262","","Default","","Transferred payment"
"10265","PAYT","B","North.Andover","310.03","03/28/2013","G:13387","","Default","","Transferred payment"
"10266","PAYT","B","West.Bridgewater","422.03","03/28/2013","G:13493","","Default","","Transferred payment"
"10267","PAYT","B","Abington","25.03","03/28/2013","G:13178","","Default","","Abington - 1 - 3/28/2013"
"10268","PAYT","B","Acton","25.03","03/28/2013","G:13179","","Default","","Acton - 2 - 3/28/2013"
"10269","PAYT","B","Acushnet","25.03","03/28/2013","G:13180","","Default","","Acushnet - 3 - 3/28/2013"
"10270","PAYT","B","Adams","25.03","03/28/2013","G:13181","","Default","","Adams - 4 - 3/28/2013"
"10271","PAYT","B","Agawam","25.03","03/28/2013","G:13182","","Default","","Agawam - 5 - 3/28/2013"
"10272","PAYT","B","Andover","25.03","03/28/2013","G:13186","","Default","","Andover - 9 - 3/28/2013"
"10273","PAYT","B","Ashland","25.03","03/28/2013","G:13192","","Default","","Ashland - 15 - 3/28/2013"
"10274","PAYT","B","Barnstable","25.03","03/28/2013","G:13198","","Default","","Barnstable - 21 - 3/28/2013"
"10275","PAYT","B","Belmont","25.03","03/28/2013","G:13204","","Default","","Belmont - 27 - 3/28/2013"
"10276","PAYT","B","Blackstone","25.03","03/28/2013","G:13210","","Default","","Blackstone - 33 - 3/28/2013"
"10277","PAYT","B","Boxford","25.03","03/28/2013","G:13216","","Default","","Boxford - 39 - 3/28/2013"
"10278","PAYT","B","Brockton","25.03","03/28/2013","G:13222","","Default","","Brockton - 45 - 3/28/2013"
"10279","PAYT","B","Canton","25.03","03/28/2013","G:13228","","Default","","Canton - 51 - 3/28/2013"
"10280","PAYT","B","Chelmsford","25.03","03/28/2013","G:13234","","Default","","Chelmsford - 57 - 3/28/2013"
"10281","PAYT","B","Chilmark","25.03","03/28/2013","G:13240","","Default","","Chilmark - 63 - 3/28/2013"
"10282","PAYT","B","Conway","25.03","03/28/2013","G:13246","","Default","","Conway - 69 - 3/28/2013"
"10283","PAYT","B","Deerfield","25.03","03/28/2013","G:13252","","Default","","Deerfield - 75 - 3/28/2013"
"10284","PAYT","B","Dudley","25.03","03/28/2013","G:13258","","Default","","Dudley - 81 - 3/28/2013"
"10285","PAYT","B","Eastham","25.03","03/28/2013","G:13264","","Default","","Eastham - 87 - 3/28/2013"
"10286","PAYT","B","Essex","25.03","03/28/2013","G:13270","","Default","","Essex - 93 - 3/28/2013"
"10287","PAYT","B","Florida","25.03","03/28/2013","G:13276","","Default","","Florida - 99 - 3/28/2013"
"10288","PAYT","B","Georgetown","25.03","03/28/2013","G:13282","","Default","","Georgetown - 105 - 3/28/2013"
"10289","PAYT","B","Granby","25.03","03/28/2013","G:13288","","Default","","Granby - 111 - 3/28/2013"
"10290","PAYT","B","Hadley","25.03","03/28/2013","G:13294","","Default","","Hadley - 117 - 3/28/2013"
"10291","PAYT","B","Hanson","25.03","03/28/2013","G:13300","","Default","","Hanson - 123 - 3/28/2013"
"10292","PAYT","B","Hawley","25.03","03/28/2013","G:13306","","Default","","Hawley - 129 - 3/28/2013"
"10293","PAYT","B","Holland","25.03","03/28/2013","G:13312","","Default","","Holland - 135 - 3/28/2013"
"10294","PAYT","B","Hudson","25.03","03/28/2013","G:13318","","Default","","Hudson - 141 - 3/28/2013"
"10295","PAYT","B","Lancaster","25.03","03/28/2013","G:13324","","Default","","Lancaster - 147 - 3/28/2013"
"10296","PAYT","B","Leominster","25.03","03/28/2013","G:13330","","Default","","Leominster - 153 - 3/28/2013"
"10297","PAYT","B","Longmeadow","25.03","03/28/2013","G:13336","","Default","","Longmeadow - 159 - 3/28/2013"
"10298","PAYT","B","Malden","25.03","03/28/2013","G:13342","","Default","","Malden - 165 - 3/28/2013"
"10299","PAYT","B","Marshfield","25.03","03/28/2013","G:13348","","Default","","Marshfield - 171 - 3/28/2013"
"10300","PAYT","B","Medway","25.03","03/28/2013","G:13354","","Default","","Medway - 177 - 3/28/2013"
"10301","PAYT","B","Middlefield","25.03","03/28/2013","G:13360","","Default","","Middlefield - 183 - 3/28/2013"
"10302","PAYT","B","Milton","25.03","03/28/2013","G:13366","","Default","","Milton - 189 - 3/28/2013"
"10303","PAYT","B","Mount Washington","25.03","03/28/2013","G:13372","","Default","","Mount Washington - 195 - 3/28/2013"
"10304","PAYT","B","New Bedford","25.03","03/28/2013","G:13378","","Default","","New Bedford - 201 - 3/28/2013"
"10305","PAYT","B","Newton","25.03","03/28/2013","G:13384","","Default","","Newton - 207 - 3/28/2013"
"10306","PAYT","B","North.Reading","25.03","03/28/2013","G:13390","","Default","","North.Reading - 213 - 3/28/2013"
"10307","PAYT","B","Norwell","25.03","03/28/2013","G:13396","","Default","","Norwell - 219 - 3/28/2013"
"10308","PAYT","B","Otis","25.03","03/28/2013","G:13402","","Default","","Otis - 225 - 3/28/2013"
"10309","PAYT","B","Pembroke","25.03","03/28/2013","G:13408","","Default","","Pembroke - 231 - 3/28/2013"
"10310","PAYT","B","Plainfield","25.03","03/28/2013","G:13414","","Default","","Plainfield - 237 - 3/28/2013"
"10311","PAYT","B","Quincy","25.03","03/28/2013","G:13420","","Default","","Quincy - 243 - 3/28/2013"
"10312","PAYT","B","Richmond","25.03","03/28/2013","G:13426","","Default","","Richmond - 249 - 3/28/2013"
"10313","PAYT","B","Royalston","25.03","03/28/2013","G:13432","","Default","","Royalston - 255 - 3/28/2013"
"10314","PAYT","B","Sandwich","25.03","03/28/2013","G:13438","","Default","","Sandwich - 261 - 3/28/2013"
"10315","PAYT","B","Sheffield","25.03","03/28/2013","G:13444","","Default","","Sheffield - 267 - 3/28/2013"
"10316","PAYT","B","Somerset","25.03","03/28/2013","G:13450","","Default","","Somerset - 273 - 3/28/2013"
"10317","PAYT","B","Southwick","25.03","03/28/2013","G:13454","","Default","","Southwick - 279 - 3/28/2013"
"10318","PAYT","B","Stoughton","25.03","03/28/2013","G:13460","","Default","","Stoughton - 285 - 3/28/2013"
"10319","PAYT","B","Swampscott","25.03","03/28/2013","G:13465","","Default","","Swampscott - 291 - 3/28/2013"
"10320","PAYT","B","Tolland","25.03","03/28/2013","G:13471","","Default","","Tolland - 297 - 3/28/2013"
"10321","PAYT","B","Upton","25.03","03/28/2013","G:13476","","Default","","Upton - 303 - 3/28/2013"
"10322","PAYT","B","Ware","25.03","03/28/2013","G:13481","","Default","","Ware - 309 - 3/28/2013"
"10323","PAYT","B","Wayland","25.03","03/28/2013","G:13487","","Default","","Wayland - 315 - 3/28/2013"
"10324","PAYT","B","West.Boylston","25.03","03/28/2013","I:223","","Default","","West.Boylston - 321 - 3/28/2013"
"10325","PAYT","B","West.Tisbury","25.03","03/28/2013","G:13498","","Default","","West.Tisbury - 327 - 3/28/2013"
"10326","PAYT","B","Weston","25.03","03/28/2013","G:13502","","Default","","Weston - 333 - 3/28/2013"
"10327","PAYT","B","Wilbraham","25.03","03/28/2013","G:13507","","Default","","Wilbraham - 339 - 3/28/2013"
"10328","PAYT","B","Windsor","25.03","03/28/2013","G:13513","","Default","","Windsor - 345 - 3/28/2013"
"10329","PAYT","B","Yarmouth","25.03","03/28/2013","G:13519","","Default","","Yarmouth - 351 - 3/28/2013"
"10330","PAYT","B","Hadley","21.03","03/28/2013","G:13294","","Hadley-1","pta-1-3","bds-pta: Hadley - 3/28/2013 . Check No. pta-1-3"
"10331","DEP","B","Hadley","11.03","03/28/2013","G:13294","","Hadley-1","dep-1-3","bds-dep: Hadley - 3/28/2013 . Check No. dep-1-3"
"10332","PAYT","B","Halifax","22.03","03/28/2013","G:13295","","Halifax-2","pta-2-3","bds-pta: Halifax - 3/28/2013 . Check No. pta-2-3"
"10333","DEP","B","Halifax","12.03","03/28/2013","G:13295","","Halifax-2","dep-2-3","bds-dep: Halifax - 3/28/2013 . Check No. dep-2-3"
"10334","PAYF","B","Agawam","(11.66)","04/27/2013","G:13182","","Default","","Payment from account"
"10335","PAYF","B","Barre","(24.84)","04/27/2013","G:13199","","Default","","Payment from account"
"10336","PAYF","B","Blandford","(25.02)","04/27/2013","G:13211","","Default","","Payment from account"
"10337","PAYF","B","Cummington","(22.52)","04/27/2013","G:13247","","Default","","Payment from account"
"10338","PAYF","B","Easthampton","(25.02)","04/27/2013","G:13265","","Default","","Payment from account"
"10339","PAYF","B","East.Longmeadow","(255.74)","04/27/2013","G:13263","","Default","","Payment from account"
"10340","PAYF","B","Granby","(25.03)","04/27/2013","G:13288","","Default","","Payment from account"
"10341","PAYF","B","Granville","(24.12)","04/27/2013","G:13289","","Default","","Payment from account"
"10342","PAYF","B","Hadley","(25.03)","04/27/2013","G:13294","","Default","","Payment from account"
"10343","PAYF","B","Hadley","(106.13)","04/27/2013","G:13294","","Hadley-1","","pfa - new bank"
"10344","PAYF","B","Hardwick","(25.02)","04/27/2013","G:13301","","Default","","Payment from account"
"10345","PAYF","B","Huntington","(23.79)","04/27/2013","G:13320","","Default","","Payment from account"
"10346","PAYF","B","Leverett","(24.92)","04/27/2013","G:13331","","Default","","Payment from account"
"10347","PAYF","B","Ludlow","(18.54)","04/27/2013","G:13338","","Default","","Payment from account"
"10348","PAYF","B","Plainfield","(0.50)","04/27/2013","G:13414","","Default","","Payment from account"
"10349","PAYF","B","Southwick","(1.53)","04/27/2013","G:13454","","Default","","Payment from account"
"10350","PAYF","B","Ware","(3.82)","04/27/2013","G:13481","","Default","","Payment from account"
"10351","PAYF","B","West.Tisbury","(24.82)","04/27/2013","G:13498","","Default","","Payment from account"
"10352","PAYF","B","Wilbraham","(25.03)","04/27/2013","G:13507","","Default","","Payment from account"
"10353","PAYF","B","Williamsburg","(25.02)","04/27/2013","G:13508","","Default","","Payment from account"
"10354","PAYF","B","Longmeadow","(1.05)","04/27/2013","G:13336","","Default","","Payment from account"
"10355","PAYF","B","Adams","(43.29)","04/27/2013","G:13181","","Default","","Payment from account"
"10356","PAYF","B","Middlefield","(25.03)","04/27/2013","G:13360","","Default","","Payment from account"
"10357","PAYF","B","North.Adams","(25.01)","04/27/2013","G:13386","","Default","","Payment from account"
"10358","PAYF","B","North.Reading","(335.06)","04/27/2013","G:13390","","Default","","Payment from account"
"10359","PAYF","B","Clarksburg","(21.83)","04/27/2013","G:13241","","Default","","Payment from account"
"10360","PAYF","B","Florida","(25.03)","04/27/2013","G:13276","","Default","","Payment from account"
"10361","PAYF","B","Otis","(2.90)","04/27/2013","G:13402","","Default","","Payment from account"
"10362","PAYF","B","Richmond","(3.45)","04/27/2013","G:13426","","Default","","Payment from account"
"10363","PAYF","B","Sheffield","(0.32)","04/27/2013","G:13444","","Default","","Payment from account"
"10364","PAYF","B","Mount Washington","(6.94)","04/27/2013","G:13372","","Default","","Payment from account"
"10365","PAYF","B","Windsor","(25.03)","04/27/2013","G:13513","","Default","","Payment from account"
"10366","PAYF","B","Athol","(7.37)","04/27/2013","G:13193","","Default","","Payment from account"
"10367","PAYF","B","Hawley","(6.46)","04/27/2013","G:13306","","Default","","Payment from account"
"10368","PAYF","B","Conway","(25.03)","04/27/2013","G:13246","","Default","","Payment from account"
"10369","PAYF","B","Deerfield","(25.03)","04/27/2013","G:13252","","Default","","Payment from account"
"10370","PAYF","B","Gill","(21.95)","04/27/2013","G:13283","","Default","","Payment from account"
"10371","PAYF","B","Royalston","(2.41)","04/27/2013","G:13432","","Default","","Payment from account"
"10372","PAYF","B","Leominster","(25.03)","04/27/2013","G:13330","","Default","","Payment from account"
"10373","PAYF","B","Berlin","(18.42)","04/27/2013","G:13206","","Default","","Payment from account"
"10374","PAYF","B","Blackstone","(25.03)","04/27/2013","G:13210","","Default","","Payment from account"
"10375","PAYF","B","Boylston","(21.34)","04/27/2013","G:13217","","Default","","Payment from account"
"10376","PAYF","B","Brookfield","(24.12)","04/27/2013","G:13223","","Default","","Payment from account"
"10377","PAYF","B","Holland","(25.03)","04/27/2013","G:13312","","Default","","Payment from account"
"10378","PAYF","B","Lancaster","(25.03)","04/27/2013","G:13324","","Default","","Payment from account"
"10379","PAYF","B","Upton","(0.21)","04/27/2013","G:13476","","Default","","Payment from account"
"10380","PAYF","B","Uxbridge","(3.01)","04/27/2013","G:13477","","Default","","Payment from account"
"10381","PAYF","B","Dudley","(25.03)","04/27/2013","G:13258","","Default","","Payment from account"
"10382","PAYF","B","Tolland","(7.13)","04/27/2013","G:13471","","Default","","Payment from account"
"10383","PAYF","B","Acton","(46.92)","04/27/2013","G:13179","","Default","","Payment from account"
"10384","PAYF","B","Ashland","(25.03)","04/27/2013","G:13192","","Default","","Payment from account"
"10385","PAYF","B","Carlisle","(9.77)","04/27/2013","G:13229","","Default","","Payment from account"
"10386","PAYF","B","Hudson","(25.03)","04/27/2013","G:13318","","Default","","Payment from account"
"10387","PAYF","B","Stow","(10.44)","04/27/2013","G:13461","","Default","","Payment from account"
"10388","PAYF","B","Wayland","(6.12)","04/27/2013","G:13487","","Default","","Payment from account"
"10389","PAYF","B","Woburn","(25.01)","04/27/2013","G:13515","","Default","","Payment from account"
"10390","PAYF","B","Andover","(25.03)","04/27/2013","G:13186","","Default","","Payment from account"
"10391","PAYF","B","Chelmsford","(25.03)","04/27/2013","G:13234","","Default","","Payment from account"
"10392","PAYF","B","Dunstable","(12.90)","04/27/2013","G:13259","","Default","","Payment from account"
"10393","PAYF","B","Georgetown","(25.03)","04/27/2013","G:13282","","Default","","Payment from account"
"10394","PAYF","B","Lawrence","(25.01)","04/27/2013","G:13326","","Default","","Payment from account"
"10395","PAYF","B","Swampscott","(6.58)","04/27/2013","G:13465","","Default","","Payment from account"
"10396","PAYF","B","Boxford","(25.03)","04/27/2013","G:13216","","Default","","Payment from account"
"10397","PAYF","B","Essex","(14.64)","04/27/2013","G:13270","","Default","","Payment from account"
"10398","PAYF","B","Canton","(25.03)","04/27/2013","G:13228","","Default","","Payment from account"
"10399","PAYF","B","Foxborough","(25.02)","04/27/2013","G:13277","","Default","","Payment from account"
"10400","PAYF","B","Marshfield","(25.03)","04/27/2013","G:13348","","Default","","Payment from account"
"10401","PAYF","B","Medway","(25.03)","04/27/2013","G:13354","","Default","","Payment from account"
"10402","PAYF","B","Norwell","(25.03)","04/27/2013","G:13396","","Default","","Payment from account"
"10403","PAYF","B","Norwood","(25.02)","04/27/2013","G:13397","","Default","","Payment from account"
"10404","PAYF","B","Stoughton","(4.42)","04/27/2013","G:13460","","Default","","Payment from account"
"10405","PAYF","B","Malden","(25.03)","04/27/2013","G:13342","","Default","","Payment from account"
"10406","PAYF","B","Everett","(25.02)","04/27/2013","G:13271","","Default","","Payment from account"
"10407","PAYF","B","Chelsea","(24.31)","04/27/2013","G:13235","","Default","","Payment from account"
"10408","PAYF","B","Winthrop","(25.02)","04/27/2013","G:13514","","Default","","Payment from account"
"10409","PAYF","B","Quincy","(5.27)","04/27/2013","G:13420","","Default","","Payment from account"
"10410","PAYF","B","Milton","(25.03)","04/27/2013","G:13366","","Default","","Payment from account"
"10411","PAYF","B","Brockton","(25.03)","04/27/2013","G:13222","","Default","","Payment from account"
"10412","PAYF","B","Hanson","(0.60)","04/27/2013","G:13300","","Default","","Payment from account"
"10413","PAYF","B","Abington","(48.06)","04/27/2013","G:13178","","Default","","Payment from account"
"10414","PAYF","B","Pembroke","(25.03)","04/27/2013","G:13408","","Default","","Payment from account"
"10415","PAYF","B","Newton","(25.03)","04/27/2013","G:13384","","Default","","Payment from account"
"10416","PAYF","B","Arlington","(15.40)","04/27/2013","G:13188","","Default","","Payment from account"
"10417","PAYF","B","Belmont","(20.87)","04/27/2013","G:13204","","Default","","Payment from account"
"10418","PAYF","B","Weston","(7.67)","04/27/2013","G:13502","","Default","","Payment from account"
"10419","PAYF","B","Chilmark","(9.38)","04/27/2013","G:13240","","Default","","Payment from account"
"10420","PAYF","B","Aquinnah","(25.02)","04/27/2013","G:13187","","Default","","Payment from account"
"10421","PAYF","B","Sandwich","(25.03)","04/27/2013","G:13438","","Default","","Payment from account"
"10422","PAYF","B","Barnstable","(25.03)","04/27/2013","G:13198","","Default","","Payment from account"
"10423","PAYF","B","Dennis","(25.02)","04/27/2013","G:13253","","Default","","Payment from account"
"10424","PAYF","B","Eastham","(25.03)","04/27/2013","G:13264","","Default","","Payment from account"
"10425","PAYF","B","Mashpee","(21.94)","04/27/2013","G:13349","","Default","","Payment from account"
"10426","PAYF","B","Yarmouth","(25.03)","04/27/2013","G:13519","","Default","","Payment from account"
"10427","PAYF","B","Dighton","(15.11)","04/27/2013","G:13254","","Default","","Payment from account"
"10428","PAYF","B","Fairhaven","(4.78)","04/27/2013","G:13272","","Default","","Payment from account"
"10429","PAYF","B","Somerset","(25.03)","04/27/2013","G:13450","","Default","","Payment from account"
"10430","PAYF","B","New Bedford","(25.03)","04/27/2013","G:13378","","Default","","Payment from account"
"10431","PAYF","B","Acushnet","(45.54)","04/27/2013","G:13180","","Default","","Payment from account"
"10432","PAYF","B","Plainville","(3.75)","04/27/2013","G:13415","","Default","","Payment from account"
"10433","PAYF","B","Berkley","(25.02)","04/27/2013","G:13205","","Default","","Payment from account"
"10434","PAYT","B","East.Brookfield","172.31","04/28/2013","G:13604","","Default","","Transferred payment"
"10435","PAYT","B","North.Andover","310.04","04/28/2013","G:13729","","Default","","Transferred payment"
"10436","PAYT","B","West.Bridgewater","2.55","04/28/2013","G:13840","","Default","","Transferred payment"
"10437","PAYT","B","Abington","25.04","04/28/2013","G:13520","","Default","","Abington - 1 - 4/28/2013"
"10438","PAYT","B","Acton","25.04","04/28/2013","G:13521","","Default","","Acton - 2 - 4/28/2013"
"10439","PAYT","B","Acushnet","25.04","04/28/2013","G:13522","","Default","","Acushnet - 3 - 4/28/2013"
"10440","PAYT","B","Adams","25.04","04/28/2013","G:13523","","Default","","Adams - 4 - 4/28/2013"
"10441","PAYT","B","Agawam","25.04","04/28/2013","G:13524","","Default","","Agawam - 5 - 4/28/2013"
"10442","PAYT","B","Amherst","25.04","04/28/2013","G:13527","","Default","","Amherst - 8 - 4/28/2013"
"10443","PAYT","B","Ashfield","25.04","04/28/2013","G:13533","","Default","","Ashfield - 14 - 4/28/2013"
"10444","PAYT","B","Ayer","25.04","04/28/2013","G:13539","","Default","","Ayer - 20 - 4/28/2013"
"10445","PAYT","B","Bellingham","25.04","04/28/2013","G:13545","","Default","","Bellingham - 26 - 4/28/2013"
"10446","PAYT","B","Billerica","25.04","04/28/2013","G:13551","","Default","","Billerica - 32 - 4/28/2013"
"10447","PAYT","B","Boxborough","25.04","04/28/2013","G:13557","","Default","","Boxborough - 38 - 4/28/2013"
"10448","PAYT","B","Brimfield","25.04","04/28/2013","G:13563","","Default","","Brimfield - 44 - 4/28/2013"
"10449","PAYT","B","Cambridge","25.04","04/28/2013","G:13569","","Default","","Cambridge - 50 - 4/28/2013"
"10450","PAYT","B","Chatham","25.04","04/28/2013","G:13575","","Default","","Chatham - 56 - 4/28/2013"
"10451","PAYT","B","Chicopee","25.04","04/28/2013","G:13581","","Default","","Chicopee - 62 - 4/28/2013"
"10452","PAYT","B","Concord","25.04","04/28/2013","G:13587","","Default","","Concord - 68 - 4/28/2013"
"10453","PAYT","B","Dedham","25.04","04/28/2013","G:13593","","Default","","Dedham - 74 - 4/28/2013"
"10454","PAYT","B","Dracut","25.04","04/28/2013","G:13599","","Default","","Dracut - 80 - 4/28/2013"
"10455","PAYT","B","East.Longmeadow","25.04","04/28/2013","G:13605","","Default","","East.Longmeadow - 86 - 4/28/2013"
"10456","PAYT","B","Erving","25.04","04/28/2013","G:13611","","Default","","Erving - 92 - 4/28/2013"
"10457","PAYT","B","Fitchburg","25.04","04/28/2013","G:13617","","Default","","Fitchburg - 98 - 4/28/2013"
"10458","PAYT","B","Gardner","25.04","04/28/2013","G:13623","","Default","","Gardner - 104 - 4/28/2013"
"10459","PAYT","B","Grafton","25.04","04/28/2013","G:13629","","Default","","Grafton - 110 - 4/28/2013"
"10460","PAYT","B","Groveland","25.04","04/28/2013","G:13635","","Default","","Groveland - 116 - 4/28/2013"
"10461","PAYT","B","Hanover","25.04","04/28/2013","G:13641","","Default","","Hanover - 122 - 4/28/2013"
"10462","PAYT","B","Haverhill","25.04","04/28/2013","G:13647","","Default","","Haverhill - 128 - 4/28/2013"
"10463","PAYT","B","Holden","25.04","04/28/2013","G:13653","","Default","","Holden - 134 - 4/28/2013"
"10464","PAYT","B","Hubbardston","25.04","04/28/2013","G:13659","","Default","","Hubbardston - 140 - 4/28/2013"
"10465","PAYT","B","Lakeville","25.04","04/28/2013","G:13665","","Default","","Lakeville - 146 - 4/28/2013"
"10466","PAYT","B","Lenox","25.04","04/28/2013","G:13671","","Default","","Lenox - 152 - 4/28/2013"
"10467","PAYT","B","Littleton","25.04","04/28/2013","G:13677","","Default","","Littleton - 158 - 4/28/2013"
"10468","PAYT","B","Lynnfield","25.04","04/28/2013","G:13683","","Default","","Lynnfield - 164 - 4/28/2013"
"10469","PAYT","B","Marlborough","25.04","04/28/2013","G:13689","","Default","","Marlborough - 170 - 4/28/2013"
"10470","PAYT","B","Medford","25.04","04/28/2013","G:13695","","Default","","Medford - 176 - 4/28/2013"
"10471","PAYT","B","Middleborough","25.04","04/28/2013","G:13701","","Default","","Middleborough - 182 - 4/28/2013"
"10472","PAYT","B","Millville","25.04","04/28/2013","G:13707","","Default","","Millville - 188 - 4/28/2013"
"10473","PAYT","B","Montgomery","25.04","04/28/2013","G:13713","","Default","","Montgomery - 194 - 4/28/2013"
"10474","PAYT","B","New Ashford","25.04","04/28/2013","G:13719","","Default","","New Ashford - 200 - 4/28/2013"
"10475","PAYT","B","Newburyport","25.04","04/28/2013","G:13725","","Default","","Newburyport - 206 - 4/28/2013"
"10476","PAYT","B","North.Brookfield","25.04","04/28/2013","G:13731","","Default","","North.Brookfield - 212 - 4/28/2013"
"10477","PAYT","B","Norton","25.04","04/28/2013","G:13736","","Default","","Norton - 218 - 4/28/2013"
"10478","PAYT","B","Orleans","25.04","04/28/2013","G:13742","","Default","","Orleans - 224 - 4/28/2013"
"10479","PAYT","B","Pelham","25.04","04/28/2013","G:13748","","Default","","Pelham - 230 - 4/28/2013"
"10480","PAYT","B","Pittsfield","25.04","04/28/2013","G:13754","","Default","","Pittsfield - 236 - 4/28/2013"
"10481","PAYT","B","Provincetown","25.04","04/28/2013","G:13760","","Default","","Provincetown - 242 - 4/28/2013"
"10482","PAYT","B","Revere","25.04","04/28/2013","G:13766","","Default","","Revere - 248 - 4/28/2013"
"10483","PAYT","B","Rowley","25.04","04/28/2013","G:13772","","Default","","Rowley - 254 - 4/28/2013"
"10484","PAYT","B","Sandisfield","25.04","04/28/2013","G:13778","","Default","","Sandisfield - 260 - 4/28/2013"
"10485","PAYT","B","Sharon","25.04","04/28/2013","G:13784","","Default","","Sharon - 266 - 4/28/2013"
"10486","PAYT","B","Shutesbury","25.04","04/28/2013","G:13790","","Default","","Shutesbury - 272 - 4/28/2013"
"10487","PAYT","B","Southbridge","25.04","04/28/2013","G:13796","","Default","","Southbridge - 278 - 4/28/2013"
"10488","PAYT","B","Stoneham","25.04","04/28/2013","G:13802","","Default","","Stoneham - 284 - 4/28/2013"
"10489","PAYT","B","Sutton","25.04","04/28/2013","G:13808","","Default","","Sutton - 290 - 4/28/2013"
"10490","PAYT","B","Tisbury","25.04","04/28/2013","G:13814","","Default","","Tisbury - 296 - 4/28/2013"
"10491","PAYT","B","Tyringham","25.04","04/28/2013","G:13820","","Default","","Tyringham - 302 - 4/28/2013"
"10492","PAYT","B","Waltham","25.04","04/28/2013","G:13826","","Default","","Waltham - 308 - 4/28/2013"
"10493","PAYT","B","Watertown","25.04","04/28/2013","G:13832","","Default","","Watertown - 314 - 4/28/2013"
"10494","PAYT","B","Wenham","25.04","04/28/2013","G:13838","","Default","","Wenham - 320 - 4/28/2013"
"10495","PAYT","B","West.Stockbridge","25.04","04/28/2013","G:13844","","Default","","West.Stockbridge - 326 - 4/28/2013"
"10496","PAYT","B","Westminster","25.04","04/28/2013","G:13850","","Default","","Westminster - 332 - 4/28/2013"
"10497","PAYT","B","Whitman","25.04","04/28/2013","G:13856","","Default","","Whitman - 338 - 4/28/2013"
"10498","PAYT","B","Winchester","25.04","04/28/2013","G:13862","","Default","","Winchester - 344 - 4/28/2013"
"10499","PAYT","B","Wrentham","25.04","04/28/2013","G:13868","","Default","","Wrentham - 350 - 4/28/2013"
"10500","PAYT","B","Hadley","21.04","04/28/2013","G:13636","","Hadley-1","pta-1-4","bds-pta: Hadley - 4/28/2013 . Check No. pta-1-4"
"10501","DEP","B","Hadley","11.04","04/28/2013","G:13636","","Hadley-1","dep-1-4","bds-dep: Hadley - 4/28/2013 . Check No. dep-1-4"
"10502","PAYT","B","Halifax","22.04","04/28/2013","G:13637","","Halifax-2","pta-2-4","bds-pta: Halifax - 4/28/2013 . Check No. pta-2-4"
"10503","DEP","B","Halifax","12.04","04/28/2013","G:13637","","Halifax-2","dep-2-4","bds-dep: Halifax - 4/28/2013 . Check No. dep-2-4"
"10504","PAYF","B","Agawam","(56.56)","05/27/2013","G:13524","","Default","","Payment from account"
"10505","PAYF","B","Pelham","(11.89)","05/27/2013","G:13748","","Default","","Payment from account"
"10506","PAYF","B","Amherst","(25.04)","05/27/2013","G:13527","","Default","","Payment from account"
"10507","PAYF","B","Brimfield","(25.04)","05/27/2013","G:13563","","Default","","Payment from account"
"10508","PAYF","B","Chicopee","(25.04)","05/27/2013","G:13581","","Default","","Payment from account"
"10509","PAYF","B","East.Longmeadow","(5.36)","05/27/2013","G:13605","","Default","","Payment from account"
"10510","PAYF","B","Hadley","(32.08)","05/27/2013","G:13636","","Hadley-1","","pfa - new bank"
"10511","PAYF","B","Plainfield","(24.53)","05/27/2013","G:13755","","Default","","Payment from account"
"10512","PAYF","B","Shutesbury","(0.59)","05/27/2013","G:13790","","Default","","Payment from account"
"10513","PAYF","B","South.Hadley","(25.01)","05/27/2013","G:13793","","Default","","Payment from account"
"10514","PAYF","B","Southwick","(23.50)","05/27/2013","G:13797","","Default","","Payment from account"
"10515","PAYF","B","Ware","(21.21)","05/27/2013","G:13827","","Default","","Payment from account"
"10516","PAYF","B","Westfield","(25.01)","05/27/2013","G:13847","","Default","","Payment from account"
"10517","PAYF","B","Montgomery","(6.73)","05/27/2013","G:13713","","Default","","Payment from account"
"10518","PAYF","B","West.Stockbridge","(25.04)","05/27/2013","G:13844","","Default","","Payment from account"
"10519","PAYF","B","West.Boylston","(25.03)","05/27/2013","G:13839","","Default","","Payment from account"
"10520","PAYF","B","West.Tisbury","(15.58)","05/27/2013","G:13845","","Default","","Payment from account"
"10521","PAYF","B","Longmeadow","(1.02)","05/27/2013","G:13678","","Default","","Payment from account"
"10522","PAYF","B","Pittsfield","(3.33)","05/27/2013","G:13754","","Default","","Payment from account"
"10523","PAYF","B","Adams","(25.04)","05/27/2013","G:13523","","Default","","Payment from account"
"10524","PAYF","B","New Ashford","(11.09)","05/27/2013","G:13719","","Default","","Payment from account"
"10525","PAYF","B","Lenox","(10.25)","05/27/2013","G:13671","","Default","","Payment from account"
"10526","PAYF","B","North.Brookfield","(3.07)","05/27/2013","G:13731","","Default","","Payment from account"
"10527","PAYF","B","North.Reading","(7.14)","05/27/2013","G:13732","","Default","","Payment from account"
"10528","PAYF","B","Otis","(2.81)","05/27/2013","G:13743","","Default","","Payment from account"
"10529","PAYF","B","Richmond","(21.58)","05/27/2013","G:13767","","Default","","Payment from account"
"10530","PAYF","B","Sandisfield","(25.04)","05/27/2013","G:13778","","Default","","Payment from account"
"10531","PAYF","B","Sheffield","(24.71)","05/27/2013","G:13785","","Default","","Payment from account"
"10532","PAYF","B","Mount Washington","(6.70)","05/27/2013","G:13714","","Default","","Payment from account"
"10533","PAYF","B","Tyringham","(2.97)","05/27/2013","G:13820","","Default","","Payment from account"
"10534","PAYF","B","Ashfield","(25.04)","05/27/2013","G:13533","","Default","","Payment from account"
"10535","PAYF","B","Athol","(15.94)","05/27/2013","G:13535","","Default","","Payment from account"
"10536","PAYF","B","Hawley","(6.25)","05/27/2013","G:13648","","Default","","Payment from account"
"10537","PAYF","B","Erving","(25.04)","05/27/2013","G:13611","","Default","","Payment from account"
"10538","PAYF","B","Royalston","(22.62)","05/27/2013","G:13773","","Default","","Payment from account"
"10539","PAYF","B","Fitchburg","(25.04)","05/27/2013","G:13617","","Default","","Payment from account"
"10540","PAYF","B","Ayer","(14.27)","05/27/2013","G:13539","","Default","","Payment from account"
"10541","PAYF","B","Gardner","(25.04)","05/27/2013","G:13623","","Default","","Payment from account"
"10542","PAYF","B","Westminster","(25.04)","05/27/2013","G:13850","","Default","","Payment from account"
"10543","PAYF","B","Hubbardston","(6.73)","05/27/2013","G:13659","","Default","","Payment from account"
"10544","PAYF","B","Littleton","(5.64)","05/27/2013","G:13677","","Default","","Payment from account"
"10545","PAYF","B","Townsend","(25.01)","05/27/2013","G:13817","","Default","","Payment from account"
"10546","PAYF","B","Grafton","(25.04)","05/27/2013","G:13629","","Default","","Payment from account"
"10547","PAYF","B","Holden","(11.09)","05/27/2013","G:13653","","Default","","Payment from account"
"10548","PAYF","B","Millville","(13.91)","05/27/2013","G:13707","","Default","","Payment from account"
"10549","PAYF","B","Southbridge","(25.04)","05/27/2013","G:13796","","Default","","Payment from account"
"10550","PAYF","B","Upton","(24.82)","05/27/2013","G:13821","","Default","","Payment from account"
"10551","PAYF","B","Uxbridge","(22.01)","05/27/2013","G:13822","","Default","","Payment from account"
"10552","PAYF","B","Sutton","(25.04)","05/27/2013","G:13808","","Default","","Payment from account"
"10553","PAYF","B","Tolland","(17.90)","05/27/2013","G:13815","","Default","","Payment from account"
"10554","PAYF","B","Boxborough","(25.04)","05/27/2013","G:13557","","Default","","Payment from account"
"10555","PAYF","B","Acton","(25.04)","05/27/2013","G:13521","","Default","","Payment from account"
"10556","PAYF","B","Carlisle","(11.71)","05/27/2013","G:13571","","Default","","Payment from account"
"10557","PAYF","B","Concord","(25.04)","05/27/2013","G:13587","","Default","","Payment from account"
"10558","PAYF","B","Marlborough","(4.71)","05/27/2013","G:13689","","Default","","Payment from account"
"10559","PAYF","B","Stow","(14.58)","05/27/2013","G:13804","","Default","","Payment from account"
"10560","PAYF","B","Wayland","(18.91)","05/27/2013","G:13833","","Default","","Payment from account"
"10561","PAYF","B","Billerica","(25.04)","05/27/2013","G:13551","","Default","","Payment from account"
"10562","PAYF","B","Dracut","(25.04)","05/27/2013","G:13599","","Default","","Payment from account"
"10563","PAYF","B","Dunstable","(8.89)","05/27/2013","G:13601","","Default","","Payment from account"
"10564","PAYF","B","Haverhill","(7.41)","05/27/2013","G:13647","","Default","","Payment from account"
"10565","PAYF","B","Groveland","(4.77)","05/27/2013","G:13635","","Default","","Payment from account"
"10566","PAYF","B","Winchester","(25.04)","05/27/2013","G:13862","","Default","","Payment from account"
"10567","PAYF","B","Swampscott","(3.07)","05/27/2013","G:13809","","Default","","Payment from account"
"10568","PAYF","B","Essex","(10.39)","05/27/2013","G:13612","","Default","","Payment from account"
"10569","PAYF","B","Lynnfield","(10.82)","05/27/2013","G:13683","","Default","","Payment from account"
"10570","PAYF","B","Newburyport","(25.04)","05/27/2013","G:13725","","Default","","Payment from account"
"10571","PAYF","B","Rowley","(25.04)","05/27/2013","G:13772","","Default","","Payment from account"
"10572","PAYF","B","Wenham","(25.04)","05/27/2013","G:13838","","Default","","Payment from account"
"10573","PAYF","B","Bellingham","(25.04)","05/27/2013","G:13545","","Default","","Payment from account"
"10574","PAYF","B","Dedham","(25.04)","05/27/2013","G:13593","","Default","","Payment from account"
"10575","PAYF","B","Sharon","(25.04)","05/27/2013","G:13784","","Default","","Payment from account"
"10576","PAYF","B","Stoughton","(20.61)","05/27/2013","G:13803","","Default","","Payment from account"
"10577","PAYF","B","Wrentham","(25.04)","05/27/2013","G:13868","","Default","","Payment from account"
"10578","PAYF","B","Cambridge","(5.65)","05/27/2013","G:13569","","Default","","Payment from account"
"10579","PAYF","B","Somerville","(25.02)","05/27/2013","G:13792","","Default","","Payment from account"
"10580","PAYF","B","Medford","(12.82)","05/27/2013","G:13695","","Default","","Payment from account"
"10581","PAYF","B","Quincy","(19.76)","05/27/2013","G:13761","","Default","","Payment from account"
"10582","PAYF","B","Stoneham","(25.04)","05/27/2013","G:13802","","Default","","Payment from account"
"10583","PAYF","B","Halifax","(156.22)","05/27/2013","G:13637","","Halifax-2","","pfa - new bank"
"10584","PAYF","B","Hanover","(14.13)","05/27/2013","G:13641","","Default","","Payment from account"
"10585","PAYF","B","Hanson","(24.43)","05/27/2013","G:13642","","Default","","Payment from account"
"10586","PAYF","B","Middleborough","(4.48)","05/27/2013","G:13701","","Default","","Payment from account"
"10587","PAYF","B","Lakeville","(6.67)","05/27/2013","G:13665","","Default","","Payment from account"
"10588","PAYF","B","Abington","(25.04)","05/27/2013","G:13520","","Default","","Payment from account"
"10589","PAYF","B","Whitman","(17.68)","05/27/2013","G:13856","","Default","","Payment from account"
"10590","PAYF","B","Waltham","(25.04)","05/27/2013","G:13826","","Default","","Payment from account"
"10591","PAYF","B","Watertown","(25.04)","05/27/2013","G:13832","","Default","","Payment from account"
"10592","PAYF","B","Belmont","(4.16)","05/27/2013","G:13546","","Default","","Payment from account"
"10593","PAYF","B","Weston","(17.36)","05/27/2013","G:13851","","Default","","Payment from account"
"10594","PAYF","B","Chilmark","(15.65)","05/27/2013","G:13582","","Default","","Payment from account"
"10595","PAYF","B","Tisbury","(25.04)","05/27/2013","G:13814","","Default","","Payment from account"
"10596","PAYF","B","Chatham","(25.04)","05/27/2013","G:13575","","Default","","Payment from account"
"10597","PAYF","B","Orleans","(3.42)","05/27/2013","G:13742","","Default","","Payment from account"
"10598","PAYF","B","Provincetown","(25.04)","05/27/2013","G:13760","","Default","","Payment from account"
"10599","PAYF","B","Acushnet","(25.04)","05/27/2013","G:13522","","Default","","Payment from account"
"10600","PAYF","B","Plainville","(21.27)","05/27/2013","G:13756","","Default","","Payment from account"
"10601","PAYF","B","Norton","(25.04)","05/27/2013","G:13736","","Default","","Payment from account"
"10602","PAYT","B","East.Brookfield","185.05","05/28/2013","G:13954","","Default","","Transferred payment"
"10603","PAYT","B","North.Andover","310.05","05/28/2013","G:14079","","Default","","Transferred payment"
"10604","PAYT","B","West.Bridgewater","167.94","05/28/2013","G:14191","","Default","","Transferred payment"
"10605","PAYT","B","Abington","25.05","05/28/2013","G:13870","","Default","","Abington - 1 - 5/28/2013"
"10606","PAYT","B","Acton","25.05","05/28/2013","G:13871","","Default","","Acton - 2 - 5/28/2013"
"10607","PAYT","B","Acushnet","25.05","05/28/2013","G:13872","","Default","","Acushnet - 3 - 5/28/2013"
"10608","PAYT","B","Adams","25.05","05/28/2013","G:13873","","Default","","Adams - 4 - 5/28/2013"
"10609","PAYT","B","Agawam","25.05","05/28/2013","G:13874","","Default","","Agawam - 5 - 5/28/2013"
"10610","PAYT","B","Amesbury","25.05","05/28/2013","G:13876","","Default","","Amesbury - 7 - 5/28/2013"
"10611","PAYT","B","Ashby","25.05","05/28/2013","G:13882","","Default","","Ashby - 13 - 5/28/2013"
"10612","PAYT","B","Avon","25.05","05/28/2013","G:13888","","Default","","Avon - 19 - 5/28/2013"
"10613","PAYT","B","Belchertown","25.05","05/28/2013","G:13894","","Default","","Belchertown - 25 - 5/28/2013"
"10614","PAYT","B","Beverly","25.05","05/28/2013","G:13900","","Default","","Beverly - 31 - 5/28/2013"
"10615","PAYT","B","Bourne","25.05","05/28/2013","G:13906","","Default","","Bourne - 37 - 5/28/2013"
"10616","PAYT","B","Bridgewater","25.05","05/28/2013","G:13912","","Default","","Bridgewater - 43 - 5/28/2013"
"10617","PAYT","B","Burlington","25.05","05/28/2013","G:13918","","Default","","Burlington - 49 - 5/28/2013"
"10618","PAYT","B","Charlton","25.05","05/28/2013","G:13924","","Default","","Charlton - 55 - 5/28/2013"
"10619","PAYT","B","Chesterfield","25.05","05/28/2013","G:13930","","Default","","Chesterfield - 61 - 5/28/2013"
"10620","PAYT","B","Colrain","25.05","05/28/2013","G:13936","","Default","","Colrain - 67 - 5/28/2013"
"10621","PAYT","B","Dartmouth","25.05","05/28/2013","G:13942","","Default","","Dartmouth - 73 - 5/28/2013"
"10622","PAYT","B","Dover","25.05","05/28/2013","G:13948","","Default","","Dover - 79 - 5/28/2013"
"10623","PAYT","B","East.Brookfield","25.05","05/28/2013","G:13954","","Default","","East.Brookfield - 85 - 5/28/2013"
"10624","PAYT","B","Egremont","25.05","05/28/2013","G:13960","","Default","","Egremont - 91 - 5/28/2013"
"10625","PAYT","B","Falmouth","25.05","05/28/2013","G:13966","","Default","","Falmouth - 97 - 5/28/2013"
"10626","PAYT","B","Freetown","25.05","05/28/2013","G:13972","","Default","","Freetown - 103 - 5/28/2013"
"10627","PAYT","B","Gosnold","25.05","05/28/2013","G:13978","","Default","","Gosnold - 109 - 5/28/2013"
"10628","PAYT","B","Groton","25.05","05/28/2013","G:13984","","Default","","Groton - 115 - 5/28/2013"
"10629","PAYT","B","Hancock","25.05","05/28/2013","G:13990","","Default","","Hancock - 121 - 5/28/2013"
"10630","PAYT","B","Hatfield","25.05","05/28/2013","G:13996","","Default","","Hatfield - 127 - 5/28/2013"
"10631","PAYT","B","Holbrook","25.05","05/28/2013","G:14002","","Default","","Holbrook - 133 - 5/28/2013"
"10632","PAYT","B","Hopkinton","25.05","05/28/2013","G:14008","","Default","","Hopkinton - 139 - 5/28/2013"
"10633","PAYT","B","Kingston","25.05","05/28/2013","G:14014","","Default","","Kingston - 145 - 5/28/2013"
"10634","PAYT","B","Leicester","25.05","05/28/2013","G:14020","","Default","","Leicester - 151 - 5/28/2013"
"10635","PAYT","B","Lincoln","25.05","05/28/2013","G:14026","","Default","","Lincoln - 157 - 5/28/2013"
"10636","PAYT","B","Lynn","25.05","05/28/2013","G:14032","","Default","","Lynn - 163 - 5/28/2013"
"10637","PAYT","B","Marion","25.05","05/28/2013","G:14038","","Default","","Marion - 169 - 5/28/2013"
"10638","PAYT","B","Medfield","25.05","05/28/2013","G:14044","","Default","","Medfield - 175 - 5/28/2013"
"10639","PAYT","B","Methuen","25.05","05/28/2013","G:14050","","Default","","Methuen - 181 - 5/28/2013"
"10640","PAYT","B","Millis","25.05","05/28/2013","G:14056","","Default","","Millis - 187 - 5/28/2013"
"10641","PAYT","B","Monterey","25.05","05/28/2013","G:14062","","Default","","Monterey - 193 - 5/28/2013"
"10642","PAYT","B","Needham","25.05","05/28/2013","G:14068","","Default","","Needham - 199 - 5/28/2013"
"10643","PAYT","B","Newbury","25.05","05/28/2013","G:14074","","Default","","Newbury - 205 - 5/28/2013"
"10644","PAYT","B","North.Attleborough","25.05","05/28/2013","G:14080","","Default","","North.Attleborough - 211 - 5/28/2013"
"10645","PAYT","B","Northfield","25.05","05/28/2013","G:14086","","Default","","Northfield - 217 - 5/28/2013"
"10646","PAYT","B","Orange","25.05","05/28/2013","G:14092","","Default","","Orange - 223 - 5/28/2013"
"10647","PAYT","B","Peabody","25.05","05/28/2013","G:14098","","Default","","Peabody - 229 - 5/28/2013"
"10648","PAYT","B","Phillipston","25.05","05/28/2013","G:14104","","Default","","Phillipston - 235 - 5/28/2013"
"10649","PAYT","B","Princeton","25.05","05/28/2013","G:14110","","Default","","Princeton - 241 - 5/28/2013"
"10650","PAYT","B","Rehoboth","25.05","05/28/2013","G:14116","","Default","","Rehoboth - 247 - 5/28/2013"
"10651","PAYT","B","Rowe","25.05","05/28/2013","G:14122","","Default","","Rowe - 253 - 5/28/2013"
"10652","PAYT","B","Salisbury","25.05","05/28/2013","G:14128","","Default","","Salisbury - 259 - 5/28/2013"
"10653","PAYT","B","Seekonk","25.05","05/28/2013","G:14134","","Default","","Seekonk - 265 - 5/28/2013"
"10654","PAYT","B","Shrewsbury","25.05","05/28/2013","G:14140","","Default","","Shrewsbury - 271 - 5/28/2013"
"10655","PAYT","B","Southborough","25.05","05/28/2013","G:14146","","Default","","Southborough - 277 - 5/28/2013"
"10656","PAYT","B","Stockbridge","25.05","05/28/2013","G:14152","","Default","","Stockbridge - 283 - 5/28/2013"
"10657","PAYT","B","Sunderland","25.05","05/28/2013","G:14158","","Default","","Sunderland - 289 - 5/28/2013"
"10658","PAYT","B","Tewksbury","25.05","05/28/2013","G:14164","","Default","","Tewksbury - 295 - 5/28/2013"
"10659","PAYT","B","Tyngsborough","25.05","05/28/2013","G:14170","","Default","","Tyngsborough - 301 - 5/28/2013"
"10660","PAYT","B","Walpole","25.05","05/28/2013","G:14176","","Default","","Walpole - 307 - 5/28/2013"
"10661","PAYT","B","Washington","25.05","05/28/2013","G:14182","","Default","","Washington - 313 - 5/28/2013"
"10662","PAYT","B","Wendell","25.05","05/28/2013","G:14188","","Default","","Wendell - 319 - 5/28/2013"
"10663","PAYT","B","West.Springfield","25.05","05/28/2013","G:14194","","Default","","West.Springfield - 325 - 5/28/2013"
"10664","PAYT","B","Westhampton","25.05","05/28/2013","G:14200","","Default","","Westhampton - 331 - 5/28/2013"
"10665","PAYT","B","Whately","25.05","05/28/2013","G:14206","","Default","","Whately - 337 - 5/28/2013"
"10666","PAYT","B","Winchendon","25.05","05/28/2013","G:14212","","Default","","Winchendon - 343 - 5/28/2013"
"10667","PAYT","B","Worthington","25.05","05/28/2013","G:14218","","Default","","Worthington - 349 - 5/28/2013"
"10668","PAYT","B","Hadley","21.05","05/28/2013","G:13986","","Hadley-1","pta-1-5","bds-pta: Hadley - 5/28/2013 . Check No. pta-1-5"
"10669","DEP","B","Hadley","11.05","05/28/2013","G:13986","","Hadley-1","dep-1-5","bds-dep: Hadley - 5/28/2013 . Check No. dep-1-5"
"10670","PAYT","B","Halifax","22.05","05/28/2013","G:13987","","Halifax-2","pta-2-5","bds-pta: Halifax - 5/28/2013 . Check No. pta-2-5"
"10671","DEP","B","Halifax","12.05","05/28/2013","G:13987","","Halifax-2","dep-2-5","bds-dep: Halifax - 5/28/2013 . Check No. dep-2-5"
"10672","PAYF","B","Agawam","(25.05)","06/27/2013","G:13874","","Default","","Payment from account"
"10673","PAYF","B","Beverly","(14.24)","06/27/2013","G:13900","","Default","","Payment from account"
"10674","PAYF","B","Pelham","(13.15)","06/27/2013","G:14099","","Default","","Payment from account"
"10675","PAYF","B","Belchertown","(11.48)","06/27/2013","G:13894","","Default","","Payment from account"
"10676","PAYF","B","Chesterfield","(5.20)","06/27/2013","G:13930","","Default","","Payment from account"
"10677","PAYF","B","Westhampton","(25.05)","06/27/2013","G:14200","","Default","","Payment from account"
"10678","PAYF","B","East.Longmeadow","(5.54)","06/27/2013","G:13955","","Default","","Payment from account"
"10679","PAYF","B","East.Brookfield","(1.92)","06/27/2013","G:13954","","Default","","Payment from account"
"10680","PAYF","B","Hatfield","(5.31)","06/27/2013","G:13996","","Default","","Payment from account"
"10681","PAYF","B","Northampton","(25.02)","06/27/2013","G:14083","","Default","","Payment from account"
"10682","PAYF","B","Shutesbury","(0.61)","06/27/2013","G:14141","","Default","","Payment from account"
"10683","PAYF","B","Montgomery","(18.31)","06/27/2013","G:14063","","Default","","Payment from account"
"10684","PAYF","B","West.Springfield","(2.87)","06/27/2013","G:14194","","Default","","Payment from account"
"10685","PAYF","B","West.Tisbury","(577.15)","06/27/2013","G:14196","","Default","","Payment from account"
"10686","PAYF","B","Whately","(25.05)","06/27/2013","G:14206","","Default","","Payment from account"
"10687","PAYF","B","Worthington","(25.05)","06/27/2013","G:14218","","Default","","Payment from account"
"10688","PAYF","B","Longmeadow","(22.96)","06/27/2013","G:14028","","Default","","Payment from account"
"10689","PAYF","B","Pittsfield","(21.71)","06/27/2013","G:14105","","Default","","Payment from account"
"10690","PAYF","B","Adams","(25.05)","06/27/2013","G:13873","","Default","","Payment from account"
"10691","PAYF","B","Washington","(25.05)","06/27/2013","G:14182","","Default","","Payment from account"
"10692","PAYF","B","Hancock","(20.92)","06/27/2013","G:13990","","Default","","Payment from account"
"10693","PAYF","B","New Ashford","(13.95)","06/27/2013","G:14069","","Default","","Payment from account"
"10694","PAYF","B","Lenox","(10.59)","06/27/2013","G:14021","","Default","","Payment from account"
"10695","PAYF","B","Monterey","(4.00)","06/27/2013","G:14062","","Default","","Payment from account"
"10696","PAYF","B","North.Brookfield","(21.97)","06/27/2013","G:14081","","Default","","Payment from account"
"10697","PAYF","B","North.Reading","(254.91)","06/27/2013","G:14082","","Default","","Payment from account"
"10698","PAYF","B","North.Attleborough","(25.05)","06/27/2013","G:14080","","Default","","Payment from account"
"10699","PAYF","B","Otis","(19.32)","06/27/2013","G:14094","","Default","","Payment from account"
"10700","PAYF","B","Mount Washington","(11.39)","06/27/2013","G:14064","","Default","","Payment from account"
"10701","PAYF","B","Egremont","(12.97)","06/27/2013","G:13960","","Default","","Payment from account"
"10702","PAYF","B","Stockbridge","(25.05)","06/27/2013","G:14152","","Default","","Payment from account"
"10703","PAYF","B","Tyringham","(22.07)","06/27/2013","G:14171","","Default","","Payment from account"
"10704","PAYF","B","Phillipston","(25.05)","06/27/2013","G:14104","","Default","","Payment from account"
"10705","PAYF","B","Hawley","(12.32)","06/27/2013","G:13998","","Default","","Payment from account"
"10706","PAYF","B","Colrain","(24.07)","06/27/2013","G:13936","","Default","","Payment from account"
"10707","PAYF","B","Northfield","(25.05)","06/27/2013","G:14086","","Default","","Payment from account"
"10708","PAYF","B","Orange","(25.05)","06/27/2013","G:14092","","Default","","Payment from account"
"10709","PAYF","B","Rowe","(25.05)","06/27/2013","G:14122","","Default","","Payment from account"
"10710","PAYF","B","Sunderland","(25.05)","06/27/2013","G:14158","","Default","","Payment from account"
"10711","PAYF","B","Wendell","(25.05)","06/27/2013","G:14188","","Default","","Payment from account"
"10712","PAYF","B","Ashby","(25.05)","06/27/2013","G:13882","","Default","","Payment from account"
"10713","PAYF","B","Ayer","(10.77)","06/27/2013","G:13889","","Default","","Payment from account"
"10714","PAYF","B","Groton","(5.97)","06/27/2013","G:13984","","Default","","Payment from account"
"10715","PAYF","B","Hubbardston","(18.31)","06/27/2013","G:14009","","Default","","Payment from account"
"10716","PAYF","B","Littleton","(19.40)","06/27/2013","G:14027","","Default","","Payment from account"
"10717","PAYF","B","Winchendon","(25.05)","06/27/2013","G:14212","","Default","","Payment from account"
"10718","PAYF","B","Charlton","(21.69)","06/27/2013","G:13924","","Default","","Payment from account"
"10719","PAYF","B","Holden","(13.95)","06/27/2013","G:14003","","Default","","Payment from account"
"10720","PAYF","B","Leicester","(25.05)","06/27/2013","G:14020","","Default","","Payment from account"
"10721","PAYF","B","Millville","(11.13)","06/27/2013","G:14057","","Default","","Payment from account"
"10722","PAYF","B","Princeton","(25.05)","06/27/2013","G:14110","","Default","","Payment from account"
"10723","PAYF","B","Shrewsbury","(25.05)","06/27/2013","G:14140","","Default","","Payment from account"
"10724","PAYF","B","Acton","(25.05)","06/27/2013","G:13871","","Default","","Payment from account"
"10725","PAYF","B","Hopkinton","(25.05)","06/27/2013","G:14008","","Default","","Payment from account"
"10726","PAYF","B","Marlborough","(20.33)","06/27/2013","G:14039","","Default","","Payment from account"
"10727","PAYF","B","Southborough","(25.05)","06/27/2013","G:14146","","Default","","Payment from account"
"10728","PAYF","B","Lincoln","(25.05)","06/27/2013","G:14026","","Default","","Payment from account"
"10729","PAYF","B","Burlington","(3.29)","06/27/2013","G:13918","","Default","","Payment from account"
"10730","PAYF","B","Haverhill","(17.63)","06/27/2013","G:13997","","Default","","Payment from account"
"10731","PAYF","B","Groveland","(4.93)","06/27/2013","G:13985","","Default","","Payment from account"
"10732","PAYF","B","Methuen","(25.05)","06/27/2013","G:14050","","Default","","Payment from account"
"10733","PAYF","B","Tewksbury","(13.61)","06/27/2013","G:14164","","Default","","Payment from account"
"10734","PAYF","B","Tyngsborough","(25.05)","06/27/2013","G:14170","","Default","","Payment from account"
"10735","PAYF","B","Lynn","(14.20)","06/27/2013","G:14032","","Default","","Payment from account"
"10736","PAYF","B","Swampscott","(15.38)","06/27/2013","G:14160","","Default","","Payment from account"
"10737","PAYF","B","Amesbury","(25.05)","06/27/2013","G:13876","","Default","","Payment from account"
"10738","PAYF","B","Lynnfield","(14.22)","06/27/2013","G:14033","","Default","","Payment from account"
"10739","PAYF","B","Newbury","(25.05)","06/27/2013","G:14074","","Default","","Payment from account"
"10740","PAYF","B","Salisbury","(4.26)","06/27/2013","G:14128","","Default","","Payment from account"
"10741","PAYF","B","Peabody","(17.77)","06/27/2013","G:14098","","Default","","Payment from account"
"10742","PAYF","B","Dover","(22.49)","06/27/2013","G:13948","","Default","","Payment from account"
"10743","PAYF","B","Medfield","(25.05)","06/27/2013","G:14044","","Default","","Payment from account"
"10744","PAYF","B","Millis","(25.05)","06/27/2013","G:14056","","Default","","Payment from account"
"10745","PAYF","B","Walpole","(25.05)","06/27/2013","G:14176","","Default","","Payment from account"
"10746","PAYF","B","Cambridge","(5.20)","06/27/2013","G:13919","","Default","","Payment from account"
"10747","PAYF","B","Medford","(12.22)","06/27/2013","G:14045","","Default","","Payment from account"
"10748","PAYF","B","Avon","(25.05)","06/27/2013","G:13888","","Default","","Payment from account"
"10749","PAYF","B","Bridgewater","(18.61)","06/27/2013","G:13912","","Default","","Payment from account"
"10750","PAYF","B","Hanover","(10.91)","06/27/2013","G:13991","","Default","","Payment from account"
"10751","PAYF","B","Holbrook","(25.05)","06/27/2013","G:14002","","Default","","Payment from account"
"10752","PAYF","B","Middleborough","(4.63)","06/27/2013","G:14051","","Default","","Payment from account"
"10753","PAYF","B","Lakeville","(18.37)","06/27/2013","G:14015","","Default","","Payment from account"
"10754","PAYF","B","Abington","(25.05)","06/27/2013","G:13870","","Default","","Payment from account"
"10755","PAYF","B","Kingston","(25.05)","06/27/2013","G:14014","","Default","","Payment from account"
"10756","PAYF","B","Whitman","(7.36)","06/27/2013","G:14207","","Default","","Payment from account"
"10757","PAYF","B","Needham","(25.05)","06/27/2013","G:14068","","Default","","Payment from account"
"10758","PAYF","B","Bourne","(15.37)","06/27/2013","G:13906","","Default","","Payment from account"
"10759","PAYF","B","Falmouth","(25.05)","06/27/2013","G:13966","","Default","","Payment from account"
"10760","PAYF","B","Orleans","(21.62)","06/27/2013","G:14093","","Default","","Payment from account"
"10761","PAYF","B","Freetown","(7.99)","06/27/2013","G:13972","","Default","","Payment from account"
"10762","PAYF","B","Gosnold","(18.33)","06/27/2013","G:13978","","Default","","Payment from account"
"10763","PAYF","B","Dartmouth","(6.50)","06/27/2013","G:13942","","Default","","Payment from account"
"10764","PAYF","B","Marion","(25.05)","06/27/2013","G:14038","","Default","","Payment from account"
"10765","PAYF","B","Acushnet","(15.83)","06/27/2013","G:13872","","Default","","Payment from account"
"10766","PAYF","B","Rehoboth","(1.48)","06/27/2013","G:14116","","Default","","Payment from account"
"10767","PAYF","B","Seekonk","(25.05)","06/27/2013","G:14134","","Default","","Payment from account"
"10768","PAYT","B","East.Brookfield","185.06","06/28/2013","G:14305","","Default","","Transferred payment"
"10769","PAYT","B","North.Andover","310.06","06/28/2013","G:14430","","Default","","Transferred payment"
"10770","PAYT","B","West.Bridgewater","6.25","06/28/2013","G:14541","","Default","","Transferred payment"
"10771","PAYT","B","Abington","25.06","06/28/2013","G:14221","","Default","","Abington - 1 - 6/28/2013"
"10772","PAYT","B","Acton","25.06","06/28/2013","G:14222","","Default","","Acton - 2 - 6/28/2013"
"10773","PAYT","B","Acushnet","25.06","06/28/2013","G:14223","","Default","","Acushnet - 3 - 6/28/2013"
"10774","PAYT","B","Adams","25.06","06/28/2013","G:14224","","Default","","Adams - 4 - 6/28/2013"
"10775","PAYT","B","Agawam","25.06","06/28/2013","G:14225","","Default","","Agawam - 5 - 6/28/2013"
"10776","PAYT","B","Alford","25.06","06/28/2013","G:14226","","Default","","Alford - 6 - 6/28/2013"
"10777","PAYT","B","Ashburnham","25.06","06/28/2013","G:14232","","Default","","Ashburnham - 12 - 6/28/2013"
"10778","PAYT","B","Auburn","25.06","06/28/2013","G:14238","","Default","","Auburn - 18 - 6/28/2013"
"10779","PAYT","B","Bedford","25.06","06/28/2013","G:14244","","Default","","Bedford - 24 - 6/28/2013"
"10780","PAYT","B","Bernardston","25.06","06/28/2013","G:14250","","Default","","Bernardston - 30 - 6/28/2013"
"10781","PAYT","B","Boston","25.06","06/28/2013","G:14256","","Default","","Boston - 36 - 6/28/2013"
"10782","PAYT","B","Brewster","25.06","06/28/2013","G:14262","","Default","","Brewster - 42 - 6/28/2013"
"10783","PAYT","B","Buckland","25.06","06/28/2013","G:14268","","Default","","Buckland - 48 - 6/28/2013"
"10784","PAYT","B","Charlemont","25.06","06/28/2013","G:14274","","Default","","Charlemont - 54 - 6/28/2013"
"10785","PAYT","B","Chester","25.06","06/28/2013","G:14280","","Default","","Chester - 60 - 6/28/2013"
"10786","PAYT","B","Cohasset","25.06","06/28/2013","G:14286","","Default","","Cohasset - 66 - 6/28/2013"
"10787","PAYT","B","Danvers","25.06","06/28/2013","G:14292","","Default","","Danvers - 72 - 6/28/2013"
"10788","PAYT","B","Douglas","25.06","06/28/2013","G:14298","","Default","","Douglas - 78 - 6/28/2013"
"10789","PAYT","B","East.Bridgewater","25.06","06/28/2013","G:14304","","Default","","East.Bridgewater - 84 - 6/28/2013"
"10790","PAYT","B","Edgartown","25.06","06/28/2013","G:14310","","Default","","Edgartown - 90 - 6/28/2013"
"10791","PAYT","B","Fall River","25.06","06/28/2013","G:14316","","Default","","Fall River - 96 - 6/28/2013"
"10792","PAYT","B","Franklin","25.06","06/28/2013","G:14322","","Default","","Franklin - 102 - 6/28/2013"
"10793","PAYT","B","Goshen","25.06","06/28/2013","G:14328","","Default","","Goshen - 108 - 6/28/2013"
"10794","PAYT","B","Greenfield","25.06","06/28/2013","G:14334","","Default","","Greenfield - 114 - 6/28/2013"
"10795","PAYT","B","Hampden","25.06","06/28/2013","G:14340","","Default","","Hampden - 120 - 6/28/2013"
"10796","PAYT","B","Harwich","25.06","06/28/2013","G:14346","","Default","","Harwich - 126 - 6/28/2013"
"10797","PAYT","B","Hinsdale","25.06","06/28/2013","G:14352","","Default","","Hinsdale - 132 - 6/28/2013"
"10798","PAYT","B","Hopedale","25.06","06/28/2013","G:14358","","Default","","Hopedale - 138 - 6/28/2013"
"10799","PAYT","B","Ipswich","25.06","06/28/2013","G:14364","","Default","","Ipswich - 144 - 6/28/2013"
"10800","PAYT","B","Lee","25.06","06/28/2013","G:14370","","Default","","Lee - 150 - 6/28/2013"
"10801","PAYT","B","Leyden","25.06","06/28/2013","G:14376","","Default","","Leyden - 156 - 6/28/2013"
"10802","PAYT","B","Lunenburg","25.06","06/28/2013","G:14382","","Default","","Lunenburg - 162 - 6/28/2013"
"10803","PAYT","B","Marblehead","25.06","06/28/2013","G:14388","","Default","","Marblehead - 168 - 6/28/2013"
"10804","PAYT","B","Maynard","25.06","06/28/2013","G:14394","","Default","","Maynard - 174 - 6/28/2013"
"10805","PAYT","B","Merrimac","25.06","06/28/2013","G:14400","","Default","","Merrimac - 180 - 6/28/2013"
"10806","PAYT","B","Millbury","25.06","06/28/2013","G:14406","","Default","","Millbury - 186 - 6/28/2013"
"10807","PAYT","B","Montague","25.06","06/28/2013","G:14412","","Default","","Montague - 192 - 6/28/2013"
"10808","PAYT","B","Natick","25.06","06/28/2013","G:14418","","Default","","Natick - 198 - 6/28/2013"
"10809","PAYT","B","New Salem","25.06","06/28/2013","G:14424","","Default","","New Salem - 204 - 6/28/2013"
"10810","PAYT","B","North.Andover","25.06","06/28/2013","G:14430","","Default","","North.Andover - 210 - 6/28/2013"
"10811","PAYT","B","Northbridge","25.06","06/28/2013","G:14436","","Default","","Northbridge - 216 - 6/28/2013"
"10812","PAYT","B","Oakham","25.06","06/28/2013","G:14442","","Default","","Oakham - 222 - 6/28/2013"
"10813","PAYT","B","Paxton","25.06","06/28/2013","G:14448","","Default","","Paxton - 228 - 6/28/2013"
"10814","PAYT","B","Petersham","25.06","06/28/2013","G:14454","","Default","","Petersham - 234 - 6/28/2013"
"10815","PAYT","B","Plympton","25.06","06/28/2013","G:14460","","Default","","Plympton - 240 - 6/28/2013"
"10816","PAYT","B","Reading","25.06","06/28/2013","G:14466","","Default","","Reading - 246 - 6/28/2013"
"10817","PAYT","B","Rockport","25.06","06/28/2013","G:14472","","Default","","Rockport - 252 - 6/28/2013"
"10818","PAYT","B","Salem","25.06","06/28/2013","G:14478","","Default","","Salem - 258 - 6/28/2013"
"10819","PAYT","B","Scituate","25.06","06/28/2013","G:14484","","Default","","Scituate - 264 - 6/28/2013"
"10820","PAYT","B","Shirley","25.06","06/28/2013","G:14490","","Default","","Shirley - 270 - 6/28/2013"
"10821","PAYT","B","Southampton","25.06","06/28/2013","G:14496","","Default","","Southampton - 276 - 6/28/2013"
"10822","PAYT","B","Sterling","25.06","06/28/2013","G:14502","","Default","","Sterling - 282 - 6/28/2013"
"10823","PAYT","B","Sudbury","25.06","06/28/2013","G:14508","","Default","","Sudbury - 288 - 6/28/2013"
"10824","PAYT","B","Templeton","25.06","06/28/2013","G:14514","","Default","","Templeton - 294 - 6/28/2013"
"10825","PAYT","B","Truro","25.06","06/28/2013","G:14520","","Default","","Truro - 300 - 6/28/2013"
"10826","PAYT","B","Wales","25.06","06/28/2013","G:14526","","Default","","Wales - 306 - 6/28/2013"
"10827","PAYT","B","Warwick","25.06","06/28/2013","G:14531","","Default","","Warwick - 312 - 6/28/2013"
"10828","PAYT","B","Wellfleet","25.06","06/28/2013","G:14537","","Default","","Wellfleet - 318 - 6/28/2013"
"10829","PAYT","B","West.Newbury","25.06","06/28/2013","G:14543","","Default","","West.Newbury - 324 - 6/28/2013"
"10830","PAYT","B","Westford","25.06","06/28/2013","G:14549","","Default","","Westford - 330 - 6/28/2013"
"10831","PAYT","B","Weymouth","25.06","06/28/2013","G:14555","","Default","","Weymouth - 336 - 6/28/2013"
"10832","PAYT","B","Wilmington","25.06","06/28/2013","G:14561","","Default","","Wilmington - 342 - 6/28/2013"
"10833","PAYT","B","Worcester","25.06","06/28/2013","G:14567","","Default","","Worcester - 348 - 6/28/2013"
"10834","PAYT","B","Hadley","21.06","06/28/2013","G:14337","","Hadley-1","pta-1-6","bds-pta: Hadley - 6/28/2013 . Check No. pta-1-6"
"10835","DEP","B","Hadley","11.06","06/28/2013","G:14337","","Hadley-1","dep-1-6","bds-dep: Hadley - 6/28/2013 . Check No. dep-1-6"
"10836","PAYT","B","Halifax","22.06","06/28/2013","G:14338","","Halifax-2","pta-2-6","bds-pta: Halifax - 6/28/2013 . Check No. pta-2-6"
"10837","DEP","B","Halifax","12.06","06/28/2013","G:14338","","Halifax-2","dep-2-6","bds-dep: Halifax - 6/28/2013 . Check No. dep-2-6"
"10838","PAYF","B","Agawam","(9.97)","07/27/2013","G:14225","","Default","","Payment from account"
"10839","PAYF","B","Beverly","(10.81)","07/27/2013","G:14251","","Default","","Payment from account"
"10840","PAYF","B","Belchertown","(11.11)","07/27/2013","G:14245","","Default","","Payment from account"
"10841","PAYF","B","Chester","(25.06)","07/27/2013","G:14280","","Default","","Payment from account"
"10842","PAYF","B","Chesterfield","(19.85)","07/27/2013","G:14281","","Default","","Payment from account"
"10843","PAYF","B","East.Longmeadow","(66.77)","07/27/2013","G:14306","","Default","","Payment from account"
"10844","PAYF","B","East.Brookfield","(23.13)","07/27/2013","G:14305","","Default","","Payment from account"
"10845","PAYF","B","East.Bridgewater","(25.06)","07/27/2013","G:14304","","Default","","Payment from account"
"10846","PAYF","B","Goshen","(25.06)","07/27/2013","G:14328","","Default","","Payment from account"
"10847","PAYF","B","Hampden","(17.74)","07/27/2013","G:14340","","Default","","Payment from account"
"10848","PAYF","B","Hatfield","(19.74)","07/27/2013","G:14347","","Default","","Payment from account"
"10849","PAYF","B","Oakham","(25.06)","07/27/2013","G:14442","","Default","","Payment from account"
"10850","PAYF","B","Shutesbury","(0.59)","07/27/2013","G:14492","","Default","","Payment from account"
"10851","PAYF","B","Southampton","(19.34)","07/27/2013","G:14496","","Default","","Payment from account"
"10852","PAYF","B","Wales","(12.79)","07/27/2013","G:14526","","Default","","Payment from account"
"10853","PAYF","B","West.Springfield","(2.78)","07/27/2013","G:14544","","Default","","Payment from account"
"10854","PAYF","B","West.Newbury","(2.71)","07/27/2013","G:14543","","Default","","Payment from account"
"10855","PAYF","B","West.Tisbury","(6.25)","07/27/2013","G:14546","","Default","","Payment from account"
"10856","PAYF","B","Adams","(25.06)","07/27/2013","G:14224","","Default","","Payment from account"
"10857","PAYF","B","Alford","(25.06)","07/27/2013","G:14226","","Default","","Payment from account"
"10858","PAYF","B","Hinsdale","(25.06)","07/27/2013","G:14352","","Default","","Payment from account"
"10859","PAYF","B","Hancock","(4.13)","07/27/2013","G:14341","","Default","","Payment from account"
"10860","PAYF","B","Lee","(25.06)","07/27/2013","G:14370","","Default","","Payment from account"
"10861","PAYF","B","Lenox","(4.20)","07/27/2013","G:14372","","Default","","Payment from account"
"10862","PAYF","B","Monterey","(21.05)","07/27/2013","G:14413","","Default","","Payment from account"
"10863","PAYF","B","North.Andover","(25.06)","07/27/2013","G:14430","","Default","","Payment from account"
"10864","PAYF","B","North.Reading","(668.10)","07/27/2013","G:14433","","Default","","Payment from account"
"10865","PAYF","B","Egremont","(12.08)","07/27/2013","G:14311","","Default","","Payment from account"
"10866","PAYF","B","Greenfield","(25.06)","07/27/2013","G:14334","","Default","","Payment from account"
"10867","PAYF","B","Bernardston","(25.06)","07/27/2013","G:14250","","Default","","Payment from account"
"10868","PAYF","B","Leyden","(25.06)","07/27/2013","G:14376","","Default","","Payment from account"
"10869","PAYF","B","Buckland","(25.06)","07/27/2013","G:14268","","Default","","Payment from account"
"10870","PAYF","B","Charlemont","(17.42)","07/27/2013","G:14274","","Default","","Payment from account"
"10871","PAYF","B","Colrain","(0.98)","07/27/2013","G:14287","","Default","","Payment from account"
"10872","PAYF","B","Montague","(25.06)","07/27/2013","G:14412","","Default","","Payment from account"
"10873","PAYF","B","New Salem","(25.06)","07/27/2013","G:14424","","Default","","Payment from account"
"10874","PAYF","B","Petersham","(11.22)","07/27/2013","G:14454","","Default","","Payment from account"
"10875","PAYF","B","Warwick","(6.78)","07/27/2013","G:14531","","Default","","Payment from account"
"10876","PAYF","B","Ashburnham","(25.06)","07/27/2013","G:14232","","Default","","Payment from account"
"10877","PAYF","B","Groton","(19.08)","07/27/2013","G:14335","","Default","","Payment from account"
"10878","PAYF","B","Lunenburg","(25.06)","07/27/2013","G:14382","","Default","","Payment from account"
"10879","PAYF","B","Shirley","(4.48)","07/27/2013","G:14490","","Default","","Payment from account"
"10880","PAYF","B","Templeton","(8.64)","07/27/2013","G:14514","","Default","","Payment from account"
"10881","PAYF","B","Auburn","(12.75)","07/27/2013","G:14238","","Default","","Payment from account"
"10882","PAYF","B","Charlton","(3.36)","07/27/2013","G:14275","","Default","","Payment from account"
"10883","PAYF","B","Douglas","(25.06)","07/27/2013","G:14298","","Default","","Payment from account"
"10884","PAYF","B","Millbury","(17.29)","07/27/2013","G:14406","","Default","","Payment from account"
"10885","PAYF","B","Northbridge","(25.06)","07/27/2013","G:14436","","Default","","Payment from account"
"10886","PAYF","B","Sterling","(10.26)","07/27/2013","G:14502","","Default","","Payment from account"
"10887","PAYF","B","Worcester","(6.70)","07/27/2013","G:14567","","Default","","Payment from account"
"10888","PAYF","B","Paxton","(25.06)","07/27/2013","G:14448","","Default","","Payment from account"
"10889","PAYF","B","Acton","(25.06)","07/27/2013","G:14222","","Default","","Payment from account"
"10890","PAYF","B","Bedford","(25.06)","07/27/2013","G:14244","","Default","","Payment from account"
"10891","PAYF","B","Hopedale","(25.06)","07/27/2013","G:14358","","Default","","Payment from account"
"10892","PAYF","B","Maynard","(25.06)","07/27/2013","G:14394","","Default","","Payment from account"
"10893","PAYF","B","Natick","(25.06)","07/27/2013","G:14418","","Default","","Payment from account"
"10894","PAYF","B","Sudbury","(20.05)","07/27/2013","G:14508","","Default","","Payment from account"
"10895","PAYF","B","Burlington","(21.76)","07/27/2013","G:14269","","Default","","Payment from account"
"10896","PAYF","B","Groveland","(15.34)","07/27/2013","G:14336","","Default","","Payment from account"
"10897","PAYF","B","Merrimac","(25.06)","07/27/2013","G:14400","","Default","","Payment from account"
"10898","PAYF","B","Reading","(5.70)","07/27/2013","G:14466","","Default","","Payment from account"
"10899","PAYF","B","Tewksbury","(11.44)","07/27/2013","G:14515","","Default","","Payment from account"
"10900","PAYF","B","Westford","(24.51)","07/27/2013","G:14549","","Default","","Payment from account"
"10901","PAYF","B","Wilmington","(22.24)","07/27/2013","G:14561","","Default","","Payment from account"
"10902","PAYF","B","Lynn","(10.85)","07/27/2013","G:14383","","Default","","Payment from account"
"10903","PAYF","B","Danvers","(25.06)","07/27/2013","G:14292","","Default","","Payment from account"
"10904","PAYF","B","Ipswich","(25.06)","07/27/2013","G:14364","","Default","","Payment from account"
"10905","PAYF","B","Marblehead","(12.86)","07/27/2013","G:14388","","Default","","Payment from account"
"10906","PAYF","B","Salisbury","(20.79)","07/27/2013","G:14479","","Default","","Payment from account"
"10907","PAYF","B","Peabody","(7.28)","07/27/2013","G:14449","","Default","","Payment from account"
"10908","PAYF","B","Rockport","(16.91)","07/27/2013","G:14472","","Default","","Payment from account"
"10909","PAYF","B","Salem","(25.06)","07/27/2013","G:14478","","Default","","Payment from account"
"10910","PAYF","B","Cohasset","(25.06)","07/27/2013","G:14286","","Default","","Payment from account"
"10911","PAYF","B","Dover","(2.56)","07/27/2013","G:14299","","Default","","Payment from account"
"10912","PAYF","B","Franklin","(14.53)","07/27/2013","G:14322","","Default","","Payment from account"
"10913","PAYF","B","Scituate","(25.06)","07/27/2013","G:14484","","Default","","Payment from account"
"10914","PAYF","B","Boston","(17.16)","07/27/2013","G:14256","","Default","","Payment from account"
"10915","PAYF","B","Cambridge","(14.19)","07/27/2013","G:14270","","Default","","Payment from account"
"10916","PAYF","B","Revere","(25.04)","07/27/2013","G:14468","","Default","","Payment from account"
"10917","PAYF","B","Weymouth","(6.94)","07/27/2013","G:14555","","Default","","Payment from account"
"10918","PAYF","B","Bridgewater","(6.44)","07/27/2013","G:14263","","Default","","Payment from account"
"10919","PAYF","B","Middleborough","(15.93)","07/27/2013","G:14402","","Default","","Payment from account"
"10920","PAYF","B","Abington","(25.06)","07/27/2013","G:14221","","Default","","Payment from account"
"10921","PAYF","B","Plympton","(25.06)","07/27/2013","G:14460","","Default","","Payment from account"
"10922","PAYF","B","Bourne","(9.68)","07/27/2013","G:14257","","Default","","Payment from account"
"10923","PAYF","B","Edgartown","(25.06)","07/27/2013","G:14310","","Default","","Payment from account"
"10924","PAYF","B","Brewster","(25.06)","07/27/2013","G:14262","","Default","","Payment from account"
"10925","PAYF","B","Harwich","(25.06)","07/27/2013","G:14346","","Default","","Payment from account"
"10926","PAYF","B","Truro","(10.88)","07/27/2013","G:14520","","Default","","Payment from account"
"10927","PAYF","B","Wellfleet","(16.65)","07/27/2013","G:14537","","Default","","Payment from account"
"10928","PAYF","B","Freetown","(17.06)","07/27/2013","G:14323","","Default","","Payment from account"
"10929","PAYF","B","Gosnold","(6.72)","07/27/2013","G:14329","","Default","","Payment from account"
"10930","PAYF","B","Dartmouth","(18.55)","07/27/2013","G:14293","","Default","","Payment from account"
"10931","PAYF","B","Fall River","(25.06)","07/27/2013","G:14316","","Default","","Payment from account"
"10932","PAYF","B","Acushnet","(15.00)","07/27/2013","G:14223","","Default","","Payment from account"
"10933","PAYF","B","Rehoboth","(23.57)","07/27/2013","G:14467","","Default","","Payment from account"
