"Abington","01/27/2013","149","INV","12345","AR-Fees","AR-Fees","127.31","0.00","Charges-Fees","Charges-Fees","0.00","122.41","TaxRec-Fees","TaxRec-Fees","0.00","4.90"
"Abington","01/28/2013","177","PAY","12345","Cash-Fees","Cash-Fees","101.01","0.00","AR-Fees","AR-Fees","0.00","101.01","TaxRec-Fees","TaxRec-Fees","3.89","0.00","TaxPay-Fees","TaxPay-Fees","0.00","3.89"
"Abington","01/28/2013","265","CRED","12345","Credit-Fees","Credit-Fees","0.97","0.00","AR-Fees","AR-Fees","0.00","1.01","TaxRec-Fees","TaxRec-Fees","0.04","0.00"
"Abington","01/28/2013","6","PAYT","12458","CashEscIn-Comp","CashEscIn-Comp","25.01","0.00","ClientEscrow-Com","ClientEscrow-Comp","0.00","25.01"
"Acton","01/27/2013","87","INV","12346","AR-Fees","AR-Fees","240.28","0.00","Charges-Fees","Charges-Fees","0.00","231.04","TaxRec-Fees","TaxRec-Fees","0.00","9.24"
"Acton","01/28/2013","178","PAY","12346","Cash-Fees","Cash-Fees","102.01","0.00","AR-Fees","AR-Fees","0.00","102.01","TaxRec-Fees","TaxRec-Fees","3.92","0.00","TaxPay-Fees","TaxPay-Fees","0.00","3.92"
"Acton","01/28/2013","266","CRED","12346","Credit-Fees","Credit-Fees","0.97","0.00","AR-Fees","AR-Fees","0.00","1.01","TaxRec-Fees","TaxRec-Fees","0.04","0.00"
"Acton","01/28/2013","7","PAYT","12458","CashEscIn-Comp","CashEscIn-Comp","25.01","0.00","ClientEscrow-Com","ClientEscrow-Comp","0.00","25.01"
"Acushnet","01/27/2013","173","INV","12347","AR-Fees","AR-Fees","342.89","0.00","Charges-Fees","Charges-Fees","0.00","329.70","TaxRec-Fees","TaxRec-Fees","0.00","13.19"
"Acushnet","01/28/2013","179","PAY","12347","Cash-Fees","Cash-Fees","103.01","0.00","AR-Fees","AR-Fees","0.00","103.01","TaxRec-Fees","TaxRec-Fees","3.96","0.00","TaxPay-Fees","TaxPay-Fees","0.00","3.96"
"Acushnet","01/28/2013","267","CRED","12347","Credit-Fees","Credit-Fees","0.97","0.00","AR-Fees","AR-Fees","0.00","1.01","TaxRec-Fees","TaxRec-Fees","0.04","0.00"
"Acushnet","01/28/2013","8","PAYT","12458","CashEscIn-Comp","CashEscIn-Comp","25.01","0.00","ClientEscrow-Com","ClientEscrow-Comp","0.00","25.01"
"Adams","01/27/2013","27","INV","12348","AR-Fees","AR-Fees","670.85","0.00","Charges-Fees","Charges-Fees","0.00","645.05","TaxRec-Fees","TaxRec-Fees","0.00","25.80"
"Adams","01/28/2013","180","PAY","12348","Cash-Fees","Cash-Fees","104.01","0.00","AR-Fees","AR-Fees","0.00","104.01","TaxRec-Fees","TaxRec-Fees","4.00","0.00","TaxPay-Fees","TaxPay-Fees","0.00","4.00"
"Adams","01/28/2013","268","CRED","12348","Credit-Fees","Credit-Fees","0.97","0.00","AR-Fees","AR-Fees","0.00","1.01","TaxRec-Fees","TaxRec-Fees","0.04","0.00"
"Adams","01/28/2013","9","PAYT","12458","CashEscIn-Comp","CashEscIn-Comp","25.01","0.00","ClientEscrow-Com","ClientEscrow-Comp","0.00","25.01"
"Agawam","01/27/2013","1","INV","12349","AR-Fees","AR-Fees","441.39","0.00","Charges-Fees","Charges-Fees","0.00","424.41","TaxRec-Fees","TaxRec-Fees","0.00","16.98"
"Agawam","01/28/2013","181","PAY","12349","Cash-Fees","Cash-Fees","105.01","0.00","AR-Fees","AR-Fees","0.00","105.01","TaxRec-Fees","TaxRec-Fees","4.04","0.00","TaxPay-Fees","TaxPay-Fees","0.00","4.04"
"Agawam","01/28/2013","269","CRED","12349","Credit-Fees","Credit-Fees","0.97","0.00","AR-Fees","AR-Fees","0.00","1.01","TaxRec-Fees","TaxRec-Fees","0.04","0.00"
"Agawam","01/28/2013","10","PAYT","12458","CashEscIn-Comp","CashEscIn-Comp","25.01","0.00","ClientEscrow-Com","ClientEscrow-Comp","0.00","25.01"
"Amesbury","01/27/2013","113","INV","12351","AR-Fees","AR-Fees","299.41","0.00","Charges-Fees","Charges-Fees","0.00","377.32","WD-Fees","WD-Fees","89.43","0.00","TaxRec-Fees","TaxRec-Fees","0.00","11.52"
"Amherst","01/27/2013","3","INV","12352","AR-Fees","AR-Fees","346.23","0.00","Charges-Fees","Charges-Fees","0.00","421.59","WD-Fees","WD-Fees","88.68","0.00","TaxRec-Fees","TaxRec-Fees","0.00","13.32"
"Amherst","01/28/2013","270","CRED","12352","Credit-Fees","Credit-Fees","0.97","0.00","AR-Fees","AR-Fees","0.00","1.01","TaxRec-Fees","TaxRec-Fees","0.04","0.00"
"Andover","01/27/2013","103","INV","12353","AR-Fees","AR-Fees","1436.69","0.00","Charges-Fees","Charges-Fees","0.00","1448.27","WD-Fees","WD-Fees","66.84","0.00","TaxRec-Fees","TaxRec-Fees","0.00","55.26"
"Andover","01/28/2013","182","PAY","12353","Cash-Fees","Cash-Fees","109.01","0.00","AR-Fees","AR-Fees","0.00","109.01","TaxRec-Fees","TaxRec-Fees","4.19","0.00","TaxPay-Fees","TaxPay-Fees","0.00","4.19"
"Arlington","01/27/2013","154","INV","12355","AR-Fees","AR-Fees","1189.38","0.00","Charges-Fees","Charges-Fees","0.00","1143.63","TaxRec-Fees","TaxRec-Fees","0.00","45.75"
"Arlington","01/28/2013","11","PAYT","12458","CashEscIn-Comp","CashEscIn-Comp","25.01","0.00","ClientEscrow-Com","ClientEscrow-Comp","0.00","25.01"
"Ashburnham","01/27/2013","61","INV","12356","AR-Fees","AR-Fees","131.19","0.00","Charges-Fees","Charges-Fees","0.00","126.14","TaxRec-Fees","TaxRec-Fees","0.00","5.05"
"Ashby","01/27/2013","62","INV","12357","AR-Fees","AR-Fees","235.97","0.00","Charges-Fees","Charges-Fees","0.00","226.89","TaxRec-Fees","TaxRec-Fees","0.00","9.08"
"Ashfield","01/27/2013","48","INV","12358","AR-Fees","AR-Fees","346.58","0.00","Charges-Fees","Charges-Fees","0.00","333.25","TaxRec-Fees","TaxRec-Fees","0.00","13.33"
"Ashfield","01/28/2013","183","PAY","12358","Cash-Fees","Cash-Fees","114.01","0.00","AR-Fees","AR-Fees","0.00","114.01","TaxRec-Fees","TaxRec-Fees","4.39","0.00","TaxPay-Fees","TaxPay-Fees","0.00","4.39"
"Ashland","01/27/2013","88","INV","12359","AR-Fees","AR-Fees","652.22","0.00","Charges-Fees","Charges-Fees","0.00","627.13","TaxRec-Fees","TaxRec-Fees","0.00","25.09"
"Athol","01/27/2013","49","INV","12360","AR-Fees","AR-Fees","446.23","0.00","Charges-Fees","Charges-Fees","0.00","429.07","TaxRec-Fees","TaxRec-Fees","0.00","17.16"
"Attleboro","01/28/2013","271","CRED","","Credit-Comp","Credit-Comp","1.01","0.00","Suspense","Suspense","0.00","1.01"
"Attleboro","01/28/2013","12","PAYT","12458","CashEscIn-Comp","CashEscIn-Comp","25.01","0.00","ClientEscrow-Com","ClientEscrow-Comp","0.00","25.01"
"Auburn","01/27/2013","69","INV","12362","AR-Fees","AR-Fees","772.62","0.00","Charges-Fees","Charges-Fees","0.00","742.90","TaxRec-Fees","TaxRec-Fees","0.00","29.72"
"Avon","01/27/2013","141","INV","12363","AR-Fees","AR-Fees","888.53","0.00","Charges-Fees","Charges-Fees","0.00","854.36","TaxRec-Fees","TaxRec-Fees","0.00","34.17"
"Avon","01/28/2013","184","PAY","12363","Cash-Fees","Cash-Fees","119.01","0.00","AR-Fees","AR-Fees","0.00","119.01","TaxRec-Fees","TaxRec-Fees","4.58","0.00","TaxPay-Fees","TaxPay-Fees","0.00","4.58"
"Ayer","01/27/2013","63","INV","12364","AR-Fees","AR-Fees","968.28","0.00","Charges-Fees","Charges-Fees","0.00","931.04","TaxRec-Fees","TaxRec-Fees","0.00","37.24"
"Barre","01/27/2013","4","INV","12366","AR-Fees","AR-Fees","46.82","0.00","Charges-Fees","Charges-Fees","0.00","45.02","TaxRec-Fees","TaxRec-Fees","0.00","1.80"
"Becket","01/27/2013","28","INV","12367","AR-Fees","AR-Fees","62.44","0.00","Charges-Fees","Charges-Fees","0.00","60.04","TaxRec-Fees","TaxRec-Fees","0.00","2.40"
"Becket","01/28/2013","13","PAYT","12458","CashEscIn-Comp","CashEscIn-Comp","25.01","0.00","ClientEscrow-Com","ClientEscrow-Comp","0.00","25.01"
"Bedford","01/27/2013","89","INV","12368","AR-Fees","AR-Fees","384.48","0.00","Charges-Fees","Charges-Fees","0.00","369.69","TaxRec-Fees","TaxRec-Fees","0.00","14.79"
"Bedford","01/28/2013","185","PAY","12368","Cash-Fees","Cash-Fees","124.01","0.00","AR-Fees","AR-Fees","0.00","124.01","TaxRec-Fees","TaxRec-Fees","4.77","0.00","TaxPay-Fees","TaxPay-Fees","0.00","4.77"
"Bellingham","01/27/2013","124","INV","12369","AR-Fees","AR-Fees","1522.11","0.00","Charges-Fees","Charges-Fees","0.00","1463.57","TaxRec-Fees","TaxRec-Fees","0.00","58.54"
"Bellingham","01/28/2013","272","CRED","12369","Credit-Fees","Credit-Fees","0.97","0.00","AR-Fees","AR-Fees","0.00","1.01","TaxRec-Fees","TaxRec-Fees","0.04","0.00"
"Belmont","01/27/2013","155","INV","12370","AR-Fees","AR-Fees","1319.44","0.00","Charges-Fees","Charges-Fees","0.00","1268.69","TaxRec-Fees","TaxRec-Fees","0.00","50.75"
"Berlin","01/27/2013","70","INV","12372","AR-Fees","AR-Fees","944.16","0.00","Charges-Fees","Charges-Fees","0.00","907.85","TaxRec-Fees","TaxRec-Fees","0.00","36.31"
"Berlin","01/28/2013","186","PAY","12372","Cash-Fees","Cash-Fees","129.01","0.00","AR-Fees","AR-Fees","0.00","129.01","TaxRec-Fees","TaxRec-Fees","4.96","0.00","TaxPay-Fees","TaxPay-Fees","0.00","4.96"
"Berlin","01/28/2013","14","PAYT","12458","CashEscIn-Comp","CashEscIn-Comp","25.01","0.00","ClientEscrow-Com","ClientEscrow-Comp","0.00","25.01"
"Bernardston","01/27/2013","50","INV","12373","AR-Fees","AR-Fees","725.73","0.00","Charges-Fees","Charges-Fees","0.00","697.82","TaxRec-Fees","TaxRec-Fees","0.00","27.91"
"Beverly","01/27/2013","2","INV","12374","AR-Fees","AR-Fees","1337.81","0.00","Charges-Fees","Charges-Fees","0.00","1286.36","TaxRec-Fees","TaxRec-Fees","0.00","51.45"
"Blackstone","01/27/2013","71","INV","12376","AR-Fees","AR-Fees","1480.81","0.00","Charges-Fees","Charges-Fees","0.00","1423.86","TaxRec-Fees","TaxRec-Fees","0.00","56.95"
"Blackstone","01/28/2013","174","WOFF","12376","WriteOff","WriteOff","1.93","0.00","AR-Fees","AR-Fees","0.00","2.01","TaxRec-Fees","TaxRec-Fees","0.08","0.00"
"Blandford","01/27/2013","5","INV","12377","AR-Fees","AR-Fees","7.66","0.00","Charges-Fees","Charges-Fees","0.00","7.37","TaxRec-Fees","TaxRec-Fees","0.00","0.29"
"Blandford","01/28/2013","187","PAY","12377","Cash-Fees","Cash-Fees","7.66","0.00","AR-Fees","AR-Fees","0.00","7.66","TaxRec-Fees","TaxRec-Fees","0.29","0.00","TaxPay-Fees","TaxPay-Fees","0.00","0.29"
"Blandford","01/28/2013","187","PAY","","Cash-Comp","Cash-Comp","126.35","0.00","Suspense","Suspense","0.00","126.35"
"Bolton","01/27/2013","90","INV","12378","AR-Fees","AR-Fees","387.02","0.00","Charges-Fees","Charges-Fees","0.00","372.13","TaxRec-Fees","TaxRec-Fees","0.00","14.89"
"Bolton","01/28/2013","273","CRED","12378","Credit-Fees","Credit-Fees","0.97","0.00","AR-Fees","AR-Fees","0.00","1.01","TaxRec-Fees","TaxRec-Fees","0.04","0.00"
"Bolton","01/28/2013","15","PAYT","12458","CashEscIn-Comp","CashEscIn-Comp","25.01","0.00","ClientEscrow-Com","ClientEscrow-Comp","0.00","25.01"
"Boston","01/27/2013","133","INV","12379","AR-Fees","AR-Fees","862.48","0.00","Charges-Fees","Charges-Fees","0.00","829.31","TaxRec-Fees","TaxRec-Fees","0.00","33.17"
"Bourne","01/27/2013","157","INV","12380","AR-Fees","AR-Fees","1974.18","0.00","Charges-Fees","Charges-Fees","0.00","1898.25","TaxRec-Fees","TaxRec-Fees","0.00","75.93"
"Boxborough","01/27/2013","86","INV","12381","AR-Fees","AR-Fees","721.51","0.00","Charges-Fees","Charges-Fees","0.00","693.76","TaxRec-Fees","TaxRec-Fees","0.00","27.75"
"Boxford","01/28/2013","188","PAY","","Cash-Comp","Cash-Comp","139.01","0.00","Suspense","Suspense","0.00","139.01"
"Boylston","01/27/2013","72","INV","12383","AR-Fees","AR-Fees","959.96","0.00","Charges-Fees","Charges-Fees","0.00","923.04","TaxRec-Fees","TaxRec-Fees","0.00","36.92"
"Braintree","01/27/2013","138","INV","12384","AR-Fees","AR-Fees","921.11","0.00","Charges-Fees","Charges-Fees","0.00","885.68","TaxRec-Fees","TaxRec-Fees","0.00","35.43"
"Braintree","01/28/2013","16","PAYT","12458","CashEscIn-Comp","CashEscIn-Comp","25.01","0.00","ClientEscrow-Com","ClientEscrow-Comp","0.00","25.01"
"Brewster","01/27/2013","161","INV","12385","AR-Fees","AR-Fees","1043.10","0.00","Charges-Fees","Charges-Fees","0.00","1002.98","TaxRec-Fees","TaxRec-Fees","0.00","40.12"
"Brimfield","01/27/2013","6","INV","12387","AR-Fees","AR-Fees","1293.40","0.00","Charges-Fees","Charges-Fees","0.00","1243.65","TaxRec-Fees","TaxRec-Fees","0.00","49.75"
"Brimfield","01/28/2013","189","PAY","12387","Cash-Fees","Cash-Fees","144.01","0.00","AR-Fees","AR-Fees","0.00","144.01","TaxRec-Fees","TaxRec-Fees","5.54","0.00","TaxPay-Fees","TaxPay-Fees","0.00","5.54"
"Brimfield","01/28/2013","274","CRED","12387","Credit-Fees","Credit-Fees","0.97","0.00","AR-Fees","AR-Fees","0.00","1.01","TaxRec-Fees","TaxRec-Fees","0.04","0.00"
"Brockton","01/27/2013","140","INV","12388","AR-Fees","AR-Fees","126.11","0.00","Charges-Fees","Charges-Fees","0.00","121.26","TaxRec-Fees","TaxRec-Fees","0.00","4.85"
"Brookfield","01/27/2013","73","INV","12389","AR-Fees","AR-Fees","233.51","0.00","Charges-Fees","Charges-Fees","0.00","224.53","TaxRec-Fees","TaxRec-Fees","0.00","8.98"
"Brookline","01/27/2013","152","INV","12390","AR-Fees","AR-Fees","343.01","0.00","Charges-Fees","Charges-Fees","0.00","329.82","TaxRec-Fees","TaxRec-Fees","0.00","13.19"
"Brookline","01/28/2013","17","PAYT","12458","CashEscIn-Comp","CashEscIn-Comp","25.01","0.00","ClientEscrow-Com","ClientEscrow-Comp","0.00","25.01"
"Buckland","01/27/2013","52","INV","12391","AR-Fees","AR-Fees","684.01","0.00","Charges-Fees","Charges-Fees","0.00","657.70","TaxRec-Fees","TaxRec-Fees","0.00","26.31"
"Burlington","01/27/2013","102","INV","12392","AR-Fees","AR-Fees","454.67","0.00","Charges-Fees","Charges-Fees","0.00","437.18","TaxRec-Fees","TaxRec-Fees","0.00","17.49"
"Burlington","01/28/2013","190","PAY","12392","Cash-Fees","Cash-Fees","149.01","0.00","AR-Fees","AR-Fees","0.00","149.01","TaxRec-Fees","TaxRec-Fees","5.73","0.00","TaxPay-Fees","TaxPay-Fees","0.00","5.73"
"Canton","01/27/2013","125","INV","12393","AR-Fees","AR-Fees","802.04","0.00","Charges-Fees","Charges-Fees","0.00","771.19","TaxRec-Fees","TaxRec-Fees","0.00","30.85"
"Carlisle","01/27/2013","91","INV","12394","AR-Fees","AR-Fees","922.04","0.00","Charges-Fees","Charges-Fees","0.00","886.58","TaxRec-Fees","TaxRec-Fees","0.00","35.46"
"Carver","01/27/2013","142","INV","12395","AR-Fees","AR-Fees","1044.16","0.00","Charges-Fees","Charges-Fees","0.00","1004.00","TaxRec-Fees","TaxRec-Fees","0.00","40.16"
"Carver","01/28/2013","175","WOFF","12395","WriteOff","WriteOff","2.89","0.00","AR-Fees","AR-Fees","0.00","3.01","TaxRec-Fees","TaxRec-Fees","0.12","0.00"
"Carver","01/28/2013","275","CRED","12395","Credit-Fees","Credit-Fees","0.97","0.00","AR-Fees","AR-Fees","0.00","1.01","TaxRec-Fees","TaxRec-Fees","0.04","0.00"
"Carver","01/28/2013","18","PAYT","12458","CashEscIn-Comp","CashEscIn-Comp","25.01","0.00","ClientEscrow-Com","ClientEscrow-Comp","0.00","25.01"
"Charlemont","01/28/2013","191","PAY","","Cash-Comp","Cash-Comp","154.01","0.00","Suspense","Suspense","0.00","154.01"
"Charlton","01/27/2013","74","INV","12397","AR-Fees","AR-Fees","1294.68","0.00","Charges-Fees","Charges-Fees","0.00","1244.88","TaxRec-Fees","TaxRec-Fees","0.00","49.80"
"Chatham","01/27/2013","162","INV","12398","AR-Fees","AR-Fees","126.25","0.00","Charges-Fees","Charges-Fees","0.00","121.39","TaxRec-Fees","TaxRec-Fees","0.00","4.86"
"Chelmsford","01/27/2013","104","INV","12399","AR-Fees","AR-Fees","233.76","0.00","Charges-Fees","Charges-Fees","0.00","224.77","TaxRec-Fees","TaxRec-Fees","0.00","8.99"
"Chelsea","01/27/2013","135","INV","12400","AR-Fees","AR-Fees","343.39","0.00","Charges-Fees","Charges-Fees","0.00","330.18","TaxRec-Fees","TaxRec-Fees","0.00","13.21"
"Cheshire","01/27/2013","29","INV","12401","AR-Fees","AR-Fees","684.72","0.00","Charges-Fees","Charges-Fees","0.00","658.38","TaxRec-Fees","TaxRec-Fees","0.00","26.34"
"Cheshire","01/28/2013","192","PAY","12401","Cash-Fees","Cash-Fees","159.01","0.00","AR-Fees","AR-Fees","0.00","159.01","TaxRec-Fees","TaxRec-Fees","6.12","0.00","TaxPay-Fees","TaxPay-Fees","0.00","6.12"
"Cheshire","01/28/2013","19","PAYT","12458","CashEscIn-Comp","CashEscIn-Comp","25.01","0.00","ClientEscrow-Com","ClientEscrow-Comp","0.00","25.01"
"Chester","01/27/2013","7","INV","12402","AR-Fees","AR-Fees","455.15","0.00","Charges-Fees","Charges-Fees","0.00","437.64","TaxRec-Fees","TaxRec-Fees","0.00","17.51"
"Chicopee","01/27/2013","8","INV","12404","AR-Fees","AR-Fees","786.39","0.00","Charges-Fees","Charges-Fees","0.00","756.14","TaxRec-Fees","TaxRec-Fees","0.00","30.25"
"Chicopee","01/28/2013","276","CRED","12404","Credit-Fees","Credit-Fees","0.97","0.00","AR-Fees","AR-Fees","0.00","1.01","TaxRec-Fees","TaxRec-Fees","0.04","0.00"
"Chilmark","01/27/2013","158","INV","12405","AR-Fees","AR-Fees","878.64","0.00","Charges-Fees","Charges-Fees","0.00","844.85","TaxRec-Fees","TaxRec-Fees","0.00","33.79"
"Clarksburg","01/27/2013","43","INV","12406","AR-Fees","AR-Fees","995.46","0.00","Charges-Fees","Charges-Fees","0.00","957.17","TaxRec-Fees","TaxRec-Fees","0.00","38.29"
"Clarksburg","01/28/2013","193","PAY","12406","Cash-Fees","Cash-Fees","164.01","0.00","AR-Fees","AR-Fees","0.00","164.01","TaxRec-Fees","TaxRec-Fees","6.31","0.00","TaxPay-Fees","TaxPay-Fees","0.00","6.31"
"Clinton","01/28/2013","20","PAYT","12458","CashEscIn-Comp","CashEscIn-Comp","25.01","0.00","ClientEscrow-Com","ClientEscrow-Comp","0.00","25.01"
"Cohasset","01/27/2013","126","INV","12408","AR-Fees","AR-Fees","1188.79","0.00","Charges-Fees","Charges-Fees","0.00","1143.07","TaxRec-Fees","TaxRec-Fees","0.00","45.72"
"Colrain","01/27/2013","54","INV","12409","AR-Fees","AR-Fees","131.12","0.00","Charges-Fees","Charges-Fees","0.00","126.08","TaxRec-Fees","TaxRec-Fees","0.00","5.04"
"Concord","01/27/2013","92","INV","12410","AR-Fees","AR-Fees","235.85","0.00","Charges-Fees","Charges-Fees","0.00","226.78","TaxRec-Fees","TaxRec-Fees","0.00","9.07"
"Conway","01/27/2013","55","INV","12411","AR-Fees","AR-Fees","346.41","0.00","Charges-Fees","Charges-Fees","0.00","333.09","TaxRec-Fees","TaxRec-Fees","0.00","13.32"
"Conway","01/28/2013","194","PAY","12411","Cash-Fees","Cash-Fees","169.01","0.00","AR-Fees","AR-Fees","0.00","169.01","TaxRec-Fees","TaxRec-Fees","6.50","0.00","TaxPay-Fees","TaxPay-Fees","0.00","6.50"
"Cummington","01/27/2013","9","INV","12412","AR-Fees","AR-Fees","651.89","0.00","Charges-Fees","Charges-Fees","0.00","626.82","TaxRec-Fees","TaxRec-Fees","0.00","25.07"
"Dalton","01/27/2013","30","INV","12413","AR-Fees","AR-Fees","446.01","0.00","Charges-Fees","Charges-Fees","0.00","428.86","TaxRec-Fees","TaxRec-Fees","0.00","17.15"
"Dalton","01/28/2013","277","CRED","12413","Credit-Fees","Credit-Fees","0.97","0.00","AR-Fees","AR-Fees","0.00","1.01","TaxRec-Fees","TaxRec-Fees","0.04","0.00"
"Dalton","01/28/2013","21","PAYT","12458","CashEscIn-Comp","CashEscIn-Comp","25.01","0.00","ClientEscrow-Com","ClientEscrow-Comp","0.00","25.01"
"Dartmouth","01/27/2013","166","INV","12415","AR-Fees","AR-Fees","772.24","0.00","Charges-Fees","Charges-Fees","0.00","742.54","TaxRec-Fees","TaxRec-Fees","0.00","29.70"
"Dedham","01/27/2013","127","INV","12416","AR-Fees","AR-Fees","888.11","0.00","Charges-Fees","Charges-Fees","0.00","853.95","TaxRec-Fees","TaxRec-Fees","0.00","34.16"
"Dedham","01/28/2013","195","PAY","12416","Cash-Fees","Cash-Fees","174.01","0.00","AR-Fees","AR-Fees","0.00","174.01","TaxRec-Fees","TaxRec-Fees","6.69","0.00","TaxPay-Fees","TaxPay-Fees","0.00","6.69"
"Dighton","01/27/2013","167","INV","12418","AR-Fees","AR-Fees","1225.02","0.00","Charges-Fees","Charges-Fees","0.00","1177.90","TaxRec-Fees","TaxRec-Fees","0.00","47.12"
"Dighton","01/28/2013","22","PAYT","12458","CashEscIn-Comp","CashEscIn-Comp","25.01","0.00","ClientEscrow-Com","ClientEscrow-Comp","0.00","25.01"
"Douglas","01/27/2013","75","INV","12419","AR-Fees","AR-Fees","128.77","0.00","Charges-Fees","Charges-Fees","0.00","123.82","TaxRec-Fees","TaxRec-Fees","0.00","4.95"
"Dover","01/27/2013","128","INV","12420","AR-Fees","AR-Fees","238.39","0.00","Charges-Fees","Charges-Fees","0.00","229.22","TaxRec-Fees","TaxRec-Fees","0.00","9.17"
"Dover","01/28/2013","196","PAY","12420","Cash-Fees","Cash-Fees","179.01","0.00","AR-Fees","AR-Fees","0.00","179.01","TaxRec-Fees","TaxRec-Fees","6.89","0.00","TaxPay-Fees","TaxPay-Fees","0.00","6.89"
"Dracut","01/27/2013","105","INV","12421","AR-Fees","AR-Fees","336.79","0.00","Charges-Fees","Charges-Fees","0.00","323.84","TaxRec-Fees","TaxRec-Fees","0.00","12.95"
"Dracut","01/28/2013","278","CRED","12421","Credit-Fees","Credit-Fees","0.97","0.00","AR-Fees","AR-Fees","0.00","1.01","TaxRec-Fees","TaxRec-Fees","0.04","0.00"
"Dudley","01/27/2013","84","INV","12422","AR-Fees","AR-Fees","1005.95","0.00","Charges-Fees","Charges-Fees","0.00","967.26","TaxRec-Fees","TaxRec-Fees","0.00","38.69"
"Dunstable","01/27/2013","106","INV","12423","AR-Fees","AR-Fees","843.11","0.00","Charges-Fees","Charges-Fees","0.00","810.68","TaxRec-Fees","TaxRec-Fees","0.00","32.43"
"Duxbury","01/28/2013","23","PAYT","12458","CashEscIn-Comp","CashEscIn-Comp","25.01","0.00","ClientEscrow-Com","ClientEscrow-Comp","0.00","25.01"
"East.Bridgewater","01/27/2013","13","INV","12425","AR-Fees","AR-Fees","2089.45","0.00","Charges-Fees","Charges-Fees","0.00","2009.09","TaxRec-Fees","TaxRec-Fees","0.00","80.36"
"East.Bridgewater","01/28/2013","197","PAY","","Cash-Comp","Cash-Comp","184.01","0.00","Suspense","Suspense","0.00","184.01"
"East.Brookfield","01/27/2013","12","INV","12426","AR-Fees","AR-Fees","1126.12","0.00","Charges-Fees","Charges-Fees","0.00","1082.81","TaxRec-Fees","TaxRec-Fees","0.00","43.31"
"East.Brookfield","01/28/2013","198","PAY","","Cash-Comp","Cash-Comp","185.01","0.00","Suspense","Suspense","0.00","185.01"
"East.Brookfield","01/28/2013","256","PAY","","Cash-Comp","Cash-Comp","11.01","0.00","Suspense","Suspense","0.00","11.01"
"East.Brookfield","01/28/2013","261","TRNF","","Suspense","Suspense","185.01","0.00","CashEscIn-Comp","CashEscIn-Comp","0.00","185.01"
"East.Brookfield","01/28/2013","3","PAYT","12458","CashEscIn-Comp","CashEscIn-Comp","185.01","0.00","ClientEscrow-Com","ClientEscrow-Comp","0.00","185.01"
"East.Longmeadow","01/27/2013","11","INV","12427","AR-Fees","AR-Fees","134.52","0.00","Charges-Fees","Charges-Fees","0.00","129.35","TaxRec-Fees","TaxRec-Fees","0.00","5.17"
"Easthampton","01/27/2013","10","INV","12429","AR-Fees","AR-Fees","140.71","0.00","Charges-Fees","Charges-Fees","0.00","135.30","TaxRec-Fees","TaxRec-Fees","0.00","5.41"
"Easton","01/27/2013","143","INV","12430","AR-Fees","AR-Fees","349.55","0.00","Charges-Fees","Charges-Fees","0.00","336.11","TaxRec-Fees","TaxRec-Fees","0.00","13.44"
"Easton","01/28/2013","199","PAY","12430","Cash-Fees","Cash-Fees","189.01","0.00","AR-Fees","AR-Fees","0.00","189.01","TaxRec-Fees","TaxRec-Fees","7.27","0.00","TaxPay-Fees","TaxPay-Fees","0.00","7.27"
"Easton","01/28/2013","279","CRED","12430","Credit-Fees","Credit-Fees","0.97","0.00","AR-Fees","AR-Fees","0.00","1.01","TaxRec-Fees","TaxRec-Fees","0.04","0.00"
"Easton","01/28/2013","24","PAYT","12458","CashEscIn-Comp","CashEscIn-Comp","25.01","0.00","ClientEscrow-Com","ClientEscrow-Comp","0.00","25.01"
"Edgartown","01/27/2013","159","INV","12431","AR-Fees","AR-Fees","707.22","0.00","Charges-Fees","Charges-Fees","0.00","680.02","TaxRec-Fees","TaxRec-Fees","0.00","27.20"
"Egremont","01/27/2013","46","INV","12432","AR-Fees","AR-Fees","249.96","0.00","Charges-Fees","Charges-Fees","0.00","240.35","TaxRec-Fees","TaxRec-Fees","0.00","9.61"
"Erving","01/27/2013","56","INV","12433","AR-Fees","AR-Fees","600.43","0.00","Charges-Fees","Charges-Fees","0.00","577.34","TaxRec-Fees","TaxRec-Fees","0.00","23.09"
"Essex","01/27/2013","114","INV","12434","AR-Fees","AR-Fees","952.80","0.00","Charges-Fees","Charges-Fees","0.00","916.15","TaxRec-Fees","TaxRec-Fees","0.00","36.65"
"Everett","01/28/2013","200","PAY","","Cash-Comp","Cash-Comp","194.01","0.00","Suspense","Suspense","0.00","194.01"
"Fairhaven","01/27/2013","168","INV","12436","AR-Fees","AR-Fees","2502.12","0.00","Charges-Fees","Charges-Fees","0.00","2405.88","TaxRec-Fees","TaxRec-Fees","0.00","96.24"
"Fairhaven","01/28/2013","25","PAYT","12458","CashEscIn-Comp","CashEscIn-Comp","25.01","0.00","ClientEscrow-Com","ClientEscrow-Comp","0.00","25.01"
"Fall River","01/27/2013","169","INV","12437","AR-Fees","AR-Fees","2858.24","0.00","Charges-Fees","Charges-Fees","0.00","2748.31","TaxRec-Fees","TaxRec-Fees","0.00","109.93"
"Falmouth","01/27/2013","160","INV","12438","AR-Fees","AR-Fees","2967.70","0.00","Charges-Fees","Charges-Fees","0.00","2853.56","TaxRec-Fees","TaxRec-Fees","0.00","114.14"
"Fitchburg","01/28/2013","280","CRED","","Credit-Comp","Credit-Comp","1.01","0.00","Suspense","Suspense","0.00","1.01"
"Florida","01/27/2013","44","INV","12440","AR-Fees","AR-Fees","794.28","0.00","Charges-Fees","Charges-Fees","0.00","763.73","TaxRec-Fees","TaxRec-Fees","0.00","30.55"
"Florida","01/28/2013","201","PAY","12440","Cash-Fees","Cash-Fees","199.01","0.00","AR-Fees","AR-Fees","0.00","199.01","TaxRec-Fees","TaxRec-Fees","7.65","0.00","TaxPay-Fees","TaxPay-Fees","0.00","7.65"
"Framingham","01/27/2013","85","INV","12441","AR-Fees","AR-Fees","233.40","0.00","Charges-Fees","Charges-Fees","0.00","224.42","TaxRec-Fees","TaxRec-Fees","0.00","8.98"
"Framingham","01/28/2013","26","PAYT","12458","CashEscIn-Comp","CashEscIn-Comp","25.01","0.00","ClientEscrow-Com","ClientEscrow-Comp","0.00","25.01"
"Franklin","01/27/2013","129","INV","12442","AR-Fees","AR-Fees","342.85","0.00","Charges-Fees","Charges-Fees","0.00","329.66","TaxRec-Fees","TaxRec-Fees","0.00","13.19"
"Freetown","01/27/2013","165","INV","12443","AR-Fees","AR-Fees","683.69","0.00","Charges-Fees","Charges-Fees","0.00","657.39","TaxRec-Fees","TaxRec-Fees","0.00","26.30"
"Gardner","01/27/2013","64","INV","12444","AR-Fees","AR-Fees","454.45","0.00","Charges-Fees","Charges-Fees","0.00","436.97","TaxRec-Fees","TaxRec-Fees","0.00","17.48"
"Gardner","01/28/2013","202","PAY","12444","Cash-Fees","Cash-Fees","204.01","0.00","AR-Fees","AR-Fees","0.00","204.01","TaxRec-Fees","TaxRec-Fees","7.85","0.00","TaxPay-Fees","TaxPay-Fees","0.00","7.85"
"Gill","01/27/2013","60","INV","12446","AR-Fees","AR-Fees","801.66","0.00","Charges-Fees","Charges-Fees","0.00","770.83","TaxRec-Fees","TaxRec-Fees","0.00","30.83"
"Gloucester","01/27/2013","115","INV","12447","AR-Fees","AR-Fees","921.62","0.00","Charges-Fees","Charges-Fees","0.00","886.17","TaxRec-Fees","TaxRec-Fees","0.00","35.45"
"Gloucester","01/28/2013","281","CRED","12447","Credit-Fees","Credit-Fees","0.97","0.00","AR-Fees","AR-Fees","0.00","1.01","TaxRec-Fees","TaxRec-Fees","0.04","0.00"
"Gloucester","01/28/2013","27","PAYT","12458","CashEscIn-Comp","CashEscIn-Comp","25.01","0.00","ClientEscrow-Com","ClientEscrow-Comp","0.00","25.01"
"Goshen","01/27/2013","14","INV","12448","AR-Fees","AR-Fees","1043.68","0.00","Charges-Fees","Charges-Fees","0.00","1003.54","TaxRec-Fees","TaxRec-Fees","0.00","40.14"
"Gosnold","01/28/2013","203","PAY","","Cash-Comp","Cash-Comp","209.01","0.00","Suspense","Suspense","0.00","209.01"
"Grafton","01/27/2013","76","INV","12450","AR-Fees","AR-Fees","1294.09","0.00","Charges-Fees","Charges-Fees","0.00","1244.32","TaxRec-Fees","TaxRec-Fees","0.00","49.77"
"Granby","01/27/2013","15","INV","12451","AR-Fees","AR-Fees","126.18","0.00","Charges-Fees","Charges-Fees","0.00","121.33","TaxRec-Fees","TaxRec-Fees","0.00","4.85"
"Granville","01/27/2013","16","INV","12452","AR-Fees","AR-Fees","233.65","0.00","Charges-Fees","Charges-Fees","0.00","224.66","TaxRec-Fees","TaxRec-Fees","0.00","8.99"
"Great Barrington","01/27/2013","31","INV","12453","AR-Fees","AR-Fees","343.22","0.00","Charges-Fees","Charges-Fees","0.00","330.02","TaxRec-Fees","TaxRec-Fees","0.00","13.20"
"Great Barrington","01/28/2013","28","PAYT","12458","CashEscIn-Comp","CashEscIn-Comp","25.01","0.00","ClientEscrow-Com","ClientEscrow-Comp","0.00","25.01"
"Greenfield","01/27/2013","47","INV","12454","AR-Fees","AR-Fees","684.39","0.00","Charges-Fees","Charges-Fees","0.00","658.07","TaxRec-Fees","TaxRec-Fees","0.00","26.32"
"Greenfield","01/28/2013","204","PAY","12454","Cash-Fees","Cash-Fees","214.01","0.00","AR-Fees","AR-Fees","0.00","214.01","TaxRec-Fees","TaxRec-Fees","8.23","0.00","TaxPay-Fees","TaxPay-Fees","0.00","8.23"
"Groton","01/27/2013","65","INV","12455","AR-Fees","AR-Fees","454.93","0.00","Charges-Fees","Charges-Fees","0.00","437.43","TaxRec-Fees","TaxRec-Fees","0.00","17.50"
"Groveland","01/28/2013","282","CRED","","Credit-Comp","Credit-Comp","1.01","0.00","Suspense","Suspense","0.00","1.01"
"Hadley","01/27/2013","17","INV","12457","AR-Fees","AR-Fees","802.48","0.00","Charges-Fees","Charges-Fees","0.00","771.62","TaxRec-Fees","TaxRec-Fees","0.00","30.86"
"Hadley","01/28/2013","309","PAY","12457","Cash-Fees","Cash-Fees","31.01","0.00","AR-Fees","AR-Fees","0.00","31.01","TaxRec-Fees","TaxRec-Fees","1.19","0.00","TaxPay-Fees","TaxPay-Fees","0.00","1.19"
"Hadley","01/28/2013","68","PAYT","12458","CashEscIn-Comp","CashEscIn-Comp","21.01","0.00","ClientEscrow-Com","ClientEscrow-Comp","0.00","21.01"
"Halifax","01/27/2013","144","INV","12458","AR-Fees","AR-Fees","922.56","0.00","Charges-Fees","Charges-Fees","0.00","887.08","TaxRec-Fees","TaxRec-Fees","0.00","35.48"
"Halifax","01/28/2013","310","PAY","12458","Cash-Fees","Cash-Fees","32.01","0.00","AR-Fees","AR-Fees","0.00","32.01","TaxRec-Fees","TaxRec-Fees","1.23","0.00","TaxPay-Fees","TaxPay-Fees","0.00","1.23"
"Halifax","01/28/2013","70","PAYT","12458","CashEscIn-Comp","CashEscIn-Comp","22.01","0.00","ClientEscrow-Com","ClientEscrow-Comp","0.00","22.01"
"Hamilton","01/27/2013","116","INV","12459","AR-Fees","AR-Fees","1044.73","0.00","Charges-Fees","Charges-Fees","0.00","1004.55","TaxRec-Fees","TaxRec-Fees","0.00","40.18"
"Hamilton","01/28/2013","205","PAY","12459","Cash-Fees","Cash-Fees","219.01","0.00","AR-Fees","AR-Fees","0.00","219.01","TaxRec-Fees","TaxRec-Fees","8.42","0.00","TaxPay-Fees","TaxPay-Fees","0.00","8.42"
"Hamilton","01/28/2013","29","PAYT","12458","CashEscIn-Comp","CashEscIn-Comp","25.01","0.00","ClientEscrow-Com","ClientEscrow-Comp","0.00","25.01"
"Hancock","01/27/2013","33","INV","12461","AR-Fees","AR-Fees","1188.21","0.00","Charges-Fees","Charges-Fees","0.00","1142.51","TaxRec-Fees","TaxRec-Fees","0.00","45.70"
"Hanover","01/27/2013","145","INV","12462","AR-Fees","AR-Fees","131.06","0.00","Charges-Fees","Charges-Fees","0.00","126.02","TaxRec-Fees","TaxRec-Fees","0.00","5.04"
"Hanson","01/27/2013","146","INV","12463","AR-Fees","AR-Fees","235.74","0.00","Charges-Fees","Charges-Fees","0.00","226.67","TaxRec-Fees","TaxRec-Fees","0.00","9.07"
"Hardwick","01/27/2013","18","INV","12464","AR-Fees","AR-Fees","346.25","0.00","Charges-Fees","Charges-Fees","0.00","332.93","TaxRec-Fees","TaxRec-Fees","0.00","13.32"
"Hardwick","01/28/2013","206","PAY","12464","Cash-Fees","Cash-Fees","224.01","0.00","AR-Fees","AR-Fees","0.00","224.01","TaxRec-Fees","TaxRec-Fees","8.62","0.00","TaxPay-Fees","TaxPay-Fees","0.00","8.62"
"Harvard","01/28/2013","283","CRED","","Credit-Comp","Credit-Comp","1.01","0.00","Suspense","Suspense","0.00","1.01"
"Harvard","01/28/2013","30","PAYT","12458","CashEscIn-Comp","CashEscIn-Comp","25.01","0.00","ClientEscrow-Com","ClientEscrow-Comp","0.00","25.01"
"Harwich","01/27/2013","163","INV","12465","AR-Fees","AR-Fees","445.80","0.00","Charges-Fees","Charges-Fees","0.00","428.65","TaxRec-Fees","TaxRec-Fees","0.00","17.15"
"Haverhill","01/27/2013","107","INV","12467","AR-Fees","AR-Fees","771.87","0.00","Charges-Fees","Charges-Fees","0.00","742.18","TaxRec-Fees","TaxRec-Fees","0.00","29.69"
"Hawley","01/27/2013","53","INV","12468","AR-Fees","AR-Fees","887.68","0.00","Charges-Fees","Charges-Fees","0.00","853.54","TaxRec-Fees","TaxRec-Fees","0.00","34.14"
"Hawley","01/28/2013","207","PAY","","Cash-Comp","Cash-Comp","229.01","0.00","Suspense","Suspense","0.00","229.01"
"Hawley","01/28/2013","264","REF","","Suspense","Suspense","99.01","0.00","Refund","Refund","0.00","99.01"
"Heath","01/27/2013","57","INV","12469","AR-Fees","AR-Fees","967.32","0.00","Charges-Fees","Charges-Fees","0.00","930.12","TaxRec-Fees","TaxRec-Fees","0.00","37.20"
"Hingham","01/28/2013","31","PAYT","12458","CashEscIn-Comp","CashEscIn-Comp","25.01","0.00","ClientEscrow-Com","ClientEscrow-Comp","0.00","25.01"
"Hinsdale","01/27/2013","32","INV","12471","AR-Fees","AR-Fees","1224.43","0.00","Charges-Fees","Charges-Fees","0.00","1177.34","TaxRec-Fees","TaxRec-Fees","0.00","47.09"
"Holbrook","01/27/2013","147","INV","12472","AR-Fees","AR-Fees","128.71","0.00","Charges-Fees","Charges-Fees","0.00","123.76","TaxRec-Fees","TaxRec-Fees","0.00","4.95"
"Holden","01/27/2013","77","INV","12473","AR-Fees","AR-Fees","238.27","0.00","Charges-Fees","Charges-Fees","0.00","229.11","TaxRec-Fees","TaxRec-Fees","0.00","9.16"
"Holden","01/28/2013","208","PAY","12473","Cash-Fees","Cash-Fees","234.01","0.00","AR-Fees","AR-Fees","0.00","234.01","TaxRec-Fees","TaxRec-Fees","9.00","0.00","TaxPay-Fees","TaxPay-Fees","0.00","9.00"
"Holden","01/28/2013","284","CRED","12473","Credit-Fees","Credit-Fees","0.97","0.00","AR-Fees","AR-Fees","0.00","1.01","TaxRec-Fees","TaxRec-Fees","0.04","0.00"
"Holland","01/27/2013","78","INV","12474","AR-Fees","AR-Fees","336.63","0.00","Charges-Fees","Charges-Fees","0.00","323.68","TaxRec-Fees","TaxRec-Fees","0.00","12.95"
"Holliston","01/27/2013","93","INV","12475","AR-Fees","AR-Fees","658.73","0.00","Charges-Fees","Charges-Fees","0.00","633.39","TaxRec-Fees","TaxRec-Fees","0.00","25.34"
"Holyoke","01/27/2013","19","INV","12476","AR-Fees","AR-Fees","459.38","0.00","Charges-Fees","Charges-Fees","0.00","441.71","TaxRec-Fees","TaxRec-Fees","0.00","17.67"
"Holyoke","01/28/2013","32","PAYT","12458","CashEscIn-Comp","CashEscIn-Comp","25.01","0.00","ClientEscrow-Com","ClientEscrow-Comp","0.00","25.01"
"Hopkinton","01/27/2013","94","INV","12478","AR-Fees","AR-Fees","780.18","0.00","Charges-Fees","Charges-Fees","0.00","750.17","TaxRec-Fees","TaxRec-Fees","0.00","30.01"
"Hopkinton","01/28/2013","209","PAY","12478","Cash-Fees","Cash-Fees","239.01","0.00","AR-Fees","AR-Fees","0.00","239.01","TaxRec-Fees","TaxRec-Fees","9.19","0.00","TaxPay-Fees","TaxPay-Fees","0.00","9.19"
"Hubbardston","01/27/2013","66","INV","12479","AR-Fees","AR-Fees","863.03","0.00","Charges-Fees","Charges-Fees","0.00","829.84","TaxRec-Fees","TaxRec-Fees","0.00","33.19"
"Hudson","01/27/2013","95","INV","12480","AR-Fees","AR-Fees","1674.49","0.00","Charges-Fees","Charges-Fees","0.00","1610.09","TaxRec-Fees","TaxRec-Fees","0.00","64.40"
"Huntington","01/27/2013","20","INV","12482","AR-Fees","AR-Fees","268.26","0.00","Charges-Fees","Charges-Fees","0.00","257.94","TaxRec-Fees","TaxRec-Fees","0.00","10.32"
"Huntington","01/28/2013","285","CRED","12482","Credit-Fees","Credit-Fees","0.97","0.00","AR-Fees","AR-Fees","0.00","1.01","TaxRec-Fees","TaxRec-Fees","0.04","0.00"
"Huntington","01/28/2013","33","PAYT","12458","CashEscIn-Comp","CashEscIn-Comp","25.01","0.00","ClientEscrow-Com","ClientEscrow-Comp","0.00","25.01"
"Ipswich","01/27/2013","117","INV","12483","AR-Fees","AR-Fees","275.86","0.00","Charges-Fees","Charges-Fees","0.00","265.25","TaxRec-Fees","TaxRec-Fees","0.00","10.61"
"Ipswich","01/28/2013","210","PAY","12483","Cash-Fees","Cash-Fees","244.01","0.00","AR-Fees","AR-Fees","0.00","244.01","TaxRec-Fees","TaxRec-Fees","9.39","0.00","TaxPay-Fees","TaxPay-Fees","0.00","9.39"
"Kingston","01/27/2013","150","INV","12484","AR-Fees","AR-Fees","663.63","0.00","Charges-Fees","Charges-Fees","0.00","638.11","TaxRec-Fees","TaxRec-Fees","0.00","25.52"
"Lakeville","01/27/2013","148","INV","12485","AR-Fees","AR-Fees","952.01","0.00","Charges-Fees","Charges-Fees","0.00","915.39","TaxRec-Fees","TaxRec-Fees","0.00","36.62"
"Lancaster","01/27/2013","79","INV","12486","AR-Fees","AR-Fees","883.82","0.00","Charges-Fees","Charges-Fees","0.00","849.83","TaxRec-Fees","TaxRec-Fees","0.00","33.99"
"Lanesborough","01/27/2013","34","INV","12487","AR-Fees","AR-Fees","258.07","0.00","Charges-Fees","Charges-Fees","0.00","248.14","TaxRec-Fees","TaxRec-Fees","0.00","9.93"
"Lawrence","01/28/2013","211","PAY","","Cash-Comp","Cash-Comp","249.01","0.00","Suspense","Suspense","0.00","249.01"
"Lawrence","01/28/2013","34","PAYT","12458","CashEscIn-Comp","CashEscIn-Comp","25.01","0.00","ClientEscrow-Com","ClientEscrow-Comp","0.00","25.01"
"Leicester","01/27/2013","80","INV","12489","AR-Fees","AR-Fees","1177.80","0.00","Charges-Fees","Charges-Fees","0.00","1132.50","TaxRec-Fees","TaxRec-Fees","0.00","45.30"
"Lenox","01/27/2013","35","INV","12490","AR-Fees","AR-Fees","594.36","0.00","Charges-Fees","Charges-Fees","0.00","571.50","TaxRec-Fees","TaxRec-Fees","0.00","22.86"
"Lenox","01/28/2013","286","CRED","12490","Credit-Fees","Credit-Fees","0.97","0.00","AR-Fees","AR-Fees","0.00","1.01","TaxRec-Fees","TaxRec-Fees","0.04","0.00"
"Leverett","01/27/2013","21","INV","12492","AR-Fees","AR-Fees","281.18","0.00","Charges-Fees","Charges-Fees","0.00","270.37","TaxRec-Fees","TaxRec-Fees","0.00","10.81"
"Leverett","01/28/2013","212","PAY","12492","Cash-Fees","Cash-Fees","254.01","0.00","AR-Fees","AR-Fees","0.00","254.01","TaxRec-Fees","TaxRec-Fees","9.77","0.00","TaxPay-Fees","TaxPay-Fees","0.00","9.77"
"Lexington","01/27/2013","151","INV","12493","AR-Fees","AR-Fees","369.60","0.00","Charges-Fees","Charges-Fees","0.00","355.38","TaxRec-Fees","TaxRec-Fees","0.00","14.22"
"Lexington","01/28/2013","35","PAYT","12458","CashEscIn-Comp","CashEscIn-Comp","25.01","0.00","ClientEscrow-Com","ClientEscrow-Comp","0.00","25.01"
"Leyden","01/27/2013","51","INV","12494","AR-Fees","AR-Fees","197.13","0.00","Charges-Fees","Charges-Fees","0.00","189.55","TaxRec-Fees","TaxRec-Fees","0.00","7.58"
"Lincoln","01/27/2013","101","INV","12495","AR-Fees","AR-Fees","609.59","0.00","Charges-Fees","Charges-Fees","0.00","586.14","TaxRec-Fees","TaxRec-Fees","0.00","23.45"
"Littleton","01/27/2013","67","INV","12496","AR-Fees","AR-Fees","762.03","0.00","Charges-Fees","Charges-Fees","0.00","732.72","TaxRec-Fees","TaxRec-Fees","0.00","29.31"
"Longmeadow","01/27/2013","26","INV","12497","AR-Fees","AR-Fees","206.13","0.00","Charges-Fees","Charges-Fees","0.00","198.20","TaxRec-Fees","TaxRec-Fees","0.00","7.93"
"Longmeadow","01/28/2013","213","PAY","12497","Cash-Fees","Cash-Fees","206.13","0.00","AR-Fees","AR-Fees","0.00","206.13","TaxRec-Fees","TaxRec-Fees","7.93","0.00","TaxPay-Fees","TaxPay-Fees","0.00","7.93"
"Longmeadow","01/28/2013","213","PAY","","Cash-Comp","Cash-Comp","52.88","0.00","Suspense","Suspense","0.00","52.88"
"Ludlow","01/27/2013","22","INV","12499","AR-Fees","AR-Fees","801.29","0.00","Charges-Fees","Charges-Fees","0.00","770.47","TaxRec-Fees","TaxRec-Fees","0.00","30.82"
"Ludlow","01/28/2013","287","CRED","12499","Credit-Fees","Credit-Fees","0.97","0.00","AR-Fees","AR-Fees","0.00","1.01","TaxRec-Fees","TaxRec-Fees","0.04","0.00"
"Ludlow","01/28/2013","36","PAYT","12458","CashEscIn-Comp","CashEscIn-Comp","25.01","0.00","ClientEscrow-Com","ClientEscrow-Comp","0.00","25.01"
"Lunenburg","01/27/2013","68","INV","12500","AR-Fees","AR-Fees","921.19","0.00","Charges-Fees","Charges-Fees","0.00","885.76","TaxRec-Fees","TaxRec-Fees","0.00","35.43"
"Lynn","01/27/2013","110","INV","12501","AR-Fees","AR-Fees","1043.20","0.00","Charges-Fees","Charges-Fees","0.00","1003.08","TaxRec-Fees","TaxRec-Fees","0.00","40.12"
"Lynnfield","01/28/2013","214","PAY","","Cash-Comp","Cash-Comp","264.01","0.00","Suspense","Suspense","0.00","264.01"
"Malden","01/27/2013","134","INV","12503","AR-Fees","AR-Fees","1293.51","0.00","Charges-Fees","Charges-Fees","0.00","1243.76","TaxRec-Fees","TaxRec-Fees","0.00","49.75"
"Manchester-by-the-Sea","01/27/2013","118","INV","12504","AR-Fees","AR-Fees","126.12","0.00","Charges-Fees","Charges-Fees","0.00","121.27","TaxRec-Fees","TaxRec-Fees","0.00","4.85"
"Mansfield","01/27/2013","130","INV","12505","AR-Fees","AR-Fees","233.53","0.00","Charges-Fees","Charges-Fees","0.00","224.55","TaxRec-Fees","TaxRec-Fees","0.00","8.98"
"Mansfield","01/28/2013","37","PAYT","12458","CashEscIn-Comp","CashEscIn-Comp","25.01","0.00","ClientEscrow-Com","ClientEscrow-Comp","0.00","25.01"
"Marblehead","01/27/2013","119","INV","12506","AR-Fees","AR-Fees","343.05","0.00","Charges-Fees","Charges-Fees","0.00","329.86","TaxRec-Fees","TaxRec-Fees","0.00","13.19"
"Marion","01/27/2013","170","INV","12507","AR-Fees","AR-Fees","684.07","0.00","Charges-Fees","Charges-Fees","0.00","657.76","TaxRec-Fees","TaxRec-Fees","0.00","26.31"
"Marion","01/28/2013","215","PAY","12507","Cash-Fees","Cash-Fees","269.01","0.00","AR-Fees","AR-Fees","0.00","269.01","TaxRec-Fees","TaxRec-Fees","10.35","0.00","TaxPay-Fees","TaxPay-Fees","0.00","10.35"
"Marlborough","01/27/2013","96","INV","12508","AR-Fees","AR-Fees","454.71","0.00","Charges-Fees","Charges-Fees","0.00","437.22","TaxRec-Fees","TaxRec-Fees","0.00","17.49"
"Marlborough","01/28/2013","288","CRED","12508","Credit-Fees","Credit-Fees","0.97","0.00","AR-Fees","AR-Fees","0.00","1.01","TaxRec-Fees","TaxRec-Fees","0.04","0.00"
"Mashpee","01/27/2013","164","INV","12510","AR-Fees","AR-Fees","802.11","0.00","Charges-Fees","Charges-Fees","0.00","771.26","TaxRec-Fees","TaxRec-Fees","0.00","30.85"
"Mattapoisett","01/27/2013","171","INV","12511","AR-Fees","AR-Fees","922.14","0.00","Charges-Fees","Charges-Fees","0.00","886.67","TaxRec-Fees","TaxRec-Fees","0.00","35.47"
"Mattapoisett","01/28/2013","38","PAYT","12458","CashEscIn-Comp","CashEscIn-Comp","25.01","0.00","ClientEscrow-Com","ClientEscrow-Comp","0.00","25.01"
"Maynard","01/27/2013","97","INV","12512","AR-Fees","AR-Fees","1044.25","0.00","Charges-Fees","Charges-Fees","0.00","1004.09","TaxRec-Fees","TaxRec-Fees","0.00","40.16"
"Maynard","01/28/2013","216","PAY","12512","Cash-Fees","Cash-Fees","274.01","0.00","AR-Fees","AR-Fees","0.00","274.01","TaxRec-Fees","TaxRec-Fees","10.54","0.00","TaxPay-Fees","TaxPay-Fees","0.00","10.54"
"Medford","01/27/2013","136","INV","12513","AR-Fees","AR-Fees","1294.79","0.00","Charges-Fees","Charges-Fees","0.00","1244.99","TaxRec-Fees","TaxRec-Fees","0.00","49.80"
"Medway","01/27/2013","131","INV","12514","AR-Fees","AR-Fees","126.26","0.00","Charges-Fees","Charges-Fees","0.00","121.40","TaxRec-Fees","TaxRec-Fees","0.00","4.86"
"Melrose","01/27/2013","137","INV","12515","AR-Fees","AR-Fees","233.79","0.00","Charges-Fees","Charges-Fees","0.00","224.80","TaxRec-Fees","TaxRec-Fees","0.00","8.99"
"Mendon","01/27/2013","98","INV","12516","AR-Fees","AR-Fees","343.42","0.00","Charges-Fees","Charges-Fees","0.00","330.21","TaxRec-Fees","TaxRec-Fees","0.00","13.21"
"Mendon","01/28/2013","217","PAY","12516","Cash-Fees","Cash-Fees","279.01","0.00","AR-Fees","AR-Fees","0.00","279.01","TaxRec-Fees","TaxRec-Fees","10.73","0.00","TaxPay-Fees","TaxPay-Fees","0.00","10.73"
"Mendon","01/28/2013","289","CRED","12516","Credit-Fees","Credit-Fees","0.97","0.00","AR-Fees","AR-Fees","0.00","1.01","TaxRec-Fees","TaxRec-Fees","0.04","0.00"
"Mendon","01/28/2013","39","PAYT","12458","CashEscIn-Comp","CashEscIn-Comp","25.01","0.00","ClientEscrow-Com","ClientEscrow-Comp","0.00","25.01"
"Merrimac","01/27/2013","109","INV","12517","AR-Fees","AR-Fees","684.78","0.00","Charges-Fees","Charges-Fees","0.00","658.44","TaxRec-Fees","TaxRec-Fees","0.00","26.34"
"Methuen","01/27/2013","108","INV","12518","AR-Fees","AR-Fees","445.58","0.00","Charges-Fees","Charges-Fees","0.00","428.44","TaxRec-Fees","TaxRec-Fees","0.00","17.14"
"Middlefield","01/27/2013","36","INV","12520","AR-Fees","AR-Fees","771.49","0.00","Charges-Fees","Charges-Fees","0.00","741.82","TaxRec-Fees","TaxRec-Fees","0.00","29.67"
"Middleton","01/27/2013","120","INV","12521","AR-Fees","AR-Fees","887.26","0.00","Charges-Fees","Charges-Fees","0.00","853.13","TaxRec-Fees","TaxRec-Fees","0.00","34.13"
"Middleton","01/28/2013","218","PAY","12521","Cash-Fees","Cash-Fees","284.01","0.00","AR-Fees","AR-Fees","0.00","284.01","TaxRec-Fees","TaxRec-Fees","10.92","0.00","TaxPay-Fees","TaxPay-Fees","0.00","10.92"
"Milford","01/27/2013","99","INV","12522","AR-Fees","AR-Fees","966.85","0.00","Charges-Fees","Charges-Fees","0.00","929.66","TaxRec-Fees","TaxRec-Fees","0.00","37.19"
"Milford","01/28/2013","40","PAYT","12458","CashEscIn-Comp","CashEscIn-Comp","25.01","0.00","ClientEscrow-Com","ClientEscrow-Comp","0.00","25.01"
"Millis","01/27/2013","132","INV","12524","AR-Fees","AR-Fees","1223.85","0.00","Charges-Fees","Charges-Fees","0.00","1176.78","TaxRec-Fees","TaxRec-Fees","0.00","47.07"
"Millville","01/27/2013","81","INV","12525","AR-Fees","AR-Fees","128.65","0.00","Charges-Fees","Charges-Fees","0.00","123.70","TaxRec-Fees","TaxRec-Fees","0.00","4.95"
"Millville","01/28/2013","290","CRED","12525","Credit-Fees","Credit-Fees","0.97","0.00","AR-Fees","AR-Fees","0.00","1.01","TaxRec-Fees","TaxRec-Fees","0.04","0.00"
"Milton","01/27/2013","139","INV","12526","AR-Fees","AR-Fees","238.16","0.00","Charges-Fees","Charges-Fees","0.00","229.00","TaxRec-Fees","TaxRec-Fees","0.00","9.16"
"Milton","01/28/2013","219","PAY","12526","Cash-Fees","Cash-Fees","238.16","0.00","AR-Fees","AR-Fees","0.00","238.16","TaxRec-Fees","TaxRec-Fees","9.16","0.00","TaxPay-Fees","TaxPay-Fees","0.00","9.16"
"Milton","01/28/2013","219","PAY","","Cash-Comp","Cash-Comp","50.85","0.00","Suspense","Suspense","0.00","50.85"
"Monroe","01/27/2013","58","INV","12527","AR-Fees","AR-Fees","336.46","0.00","Charges-Fees","Charges-Fees","0.00","323.52","TaxRec-Fees","TaxRec-Fees","0.00","12.94"
"Monson","01/27/2013","23","INV","12528","AR-Fees","AR-Fees","658.40","0.00","Charges-Fees","Charges-Fees","0.00","633.08","TaxRec-Fees","TaxRec-Fees","0.00","25.32"
"Monson","01/28/2013","41","PAYT","12458","CashEscIn-Comp","CashEscIn-Comp","25.01","0.00","ClientEscrow-Com","ClientEscrow-Comp","0.00","25.01"
"Montague","01/27/2013","59","INV","12529","AR-Fees","AR-Fees","459.16","0.00","Charges-Fees","Charges-Fees","0.00","441.50","TaxRec-Fees","TaxRec-Fees","0.00","17.66"
"Montgomery","01/27/2013","25","INV","12531","AR-Fees","AR-Fees","779.80","0.00","Charges-Fees","Charges-Fees","0.00","749.81","TaxRec-Fees","TaxRec-Fees","0.00","29.99"
"Montgomery","01/28/2013","220","PAY","12531","Cash-Fees","Cash-Fees","294.01","0.00","AR-Fees","AR-Fees","0.00","294.01","TaxRec-Fees","TaxRec-Fees","11.31","0.00","TaxPay-Fees","TaxPay-Fees","0.00","11.31"
"Mount Washington","01/27/2013","45","INV","12532","AR-Fees","AR-Fees","862.61","0.00","Charges-Fees","Charges-Fees","0.00","829.43","TaxRec-Fees","TaxRec-Fees","0.00","33.18"
"Nahant","01/27/2013","112","INV","12533","AR-Fees","AR-Fees","977.46","0.00","Charges-Fees","Charges-Fees","0.00","939.87","TaxRec-Fees","TaxRec-Fees","0.00","37.59"
"Nantucket","01/28/2013","291","CRED","","Credit-Comp","Credit-Comp","1.01","0.00","Suspense","Suspense","0.00","1.01"
"Nantucket","01/28/2013","42","PAYT","12458","CashEscIn-Comp","CashEscIn-Comp","25.01","0.00","ClientEscrow-Com","ClientEscrow-Comp","0.00","25.01"
"Natick","01/27/2013","100","INV","12535","AR-Fees","AR-Fees","1201.84","0.00","Charges-Fees","Charges-Fees","0.00","1155.62","TaxRec-Fees","TaxRec-Fees","0.00","46.22"
"Natick","01/28/2013","176","DISC","12535","Allowances","Allowances","47.13","0.00","AR-Fees","AR-Fees","0.00","49.01","TaxRec-Fees","TaxRec-Fees","1.88","0.00"
"Needham","01/27/2013","156","INV","12536","AR-Fees","AR-Fees","130.03","0.00","Charges-Fees","Charges-Fees","0.00","125.03","TaxRec-Fees","TaxRec-Fees","0.00","5.00"
"Needham","01/28/2013","221","PAY","12536","Cash-Fees","Cash-Fees","130.03","0.00","AR-Fees","AR-Fees","0.00","130.03","TaxRec-Fees","TaxRec-Fees","5.00","0.00","TaxPay-Fees","TaxPay-Fees","0.00","5.00"
"Needham","01/28/2013","221","PAY","","Cash-Comp","Cash-Comp","168.98","0.00","Suspense","Suspense","0.00","168.98"
"New Bedford","01/27/2013","172","INV","12537","AR-Fees","AR-Fees","1128.22","0.00","Charges-Fees","Charges-Fees","0.00","1084.83","TaxRec-Fees","TaxRec-Fees","0.00","43.39"
"New Braintree","01/27/2013","82","INV","12538","AR-Fees","AR-Fees","909.29","0.00","Charges-Fees","Charges-Fees","0.00","874.32","TaxRec-Fees","TaxRec-Fees","0.00","34.97"
"New Marlborough","01/27/2013","37","INV","12539","AR-Fees","AR-Fees","279.69","0.00","Charges-Fees","Charges-Fees","0.00","268.93","TaxRec-Fees","TaxRec-Fees","0.00","10.76"
"New Marlborough","01/28/2013","43","PAYT","12458","CashEscIn-Comp","CashEscIn-Comp","25.01","0.00","ClientEscrow-Com","ClientEscrow-Comp","0.00","25.01"
"New Salem","01/28/2013","222","PAY","","Cash-Comp","Cash-Comp","304.01","0.00","Suspense","Suspense","0.00","304.01"
"Newbury","01/27/2013","122","INV","12541","AR-Fees","AR-Fees","1700.15","0.00","Charges-Fees","Charges-Fees","0.00","1634.76","TaxRec-Fees","TaxRec-Fees","0.00","65.39"
"Newburyport","01/27/2013","121","INV","12542","AR-Fees","AR-Fees","1927.84","0.00","Charges-Fees","Charges-Fees","0.00","1853.69","TaxRec-Fees","TaxRec-Fees","0.00","74.15"
"Newburyport","01/28/2013","292","CRED","12542","Credit-Fees","Credit-Fees","0.97","0.00","AR-Fees","AR-Fees","0.00","1.01","TaxRec-Fees","TaxRec-Fees","0.04","0.00"
"Newton","01/27/2013","153","INV","12543","AR-Fees","AR-Fees","2861.50","0.00","Charges-Fees","Charges-Fees","0.00","2751.44","TaxRec-Fees","TaxRec-Fees","0.00","110.06"
"North.Adams","01/27/2013","38","INV","12545","AR-Fees","AR-Fees","769.82","0.00","Charges-Fees","Charges-Fees","0.00","740.21","TaxRec-Fees","TaxRec-Fees","0.00","29.61"
"North.Adams","01/28/2013","223","PAY","","Cash-Comp","Cash-Comp","309.01","0.00","Suspense","Suspense","0.00","309.01"
"North.Adams","01/28/2013","44","PAYT","12458","CashEscIn-Comp","CashEscIn-Comp","25.01","0.00","ClientEscrow-Com","ClientEscrow-Comp","0.00","25.01"
"North.Andover","01/27/2013","40","INV","12546","AR-Fees","AR-Fees","248.48","0.00","Charges-Fees","Charges-Fees","0.00","238.92","TaxRec-Fees","TaxRec-Fees","0.00","9.56"
"North.Andover","01/28/2013","224","PAY","12546","Cash-Fees","Cash-Fees","248.48","0.00","AR-Fees","AR-Fees","0.00","248.48","TaxRec-Fees","TaxRec-Fees","9.56","0.00","TaxPay-Fees","TaxPay-Fees","0.00","9.56"
"North.Andover","01/28/2013","224","PAY","","Cash-Comp","Cash-Comp","61.53","0.00","Suspense","Suspense","0.00","61.53"
"North.Andover","01/28/2013","258","PAY","","Cash-Comp","Cash-Comp","12.01","0.00","Suspense","Suspense","0.00","12.01"
"North.Andover","01/28/2013","262","TRNF","","Suspense","Suspense","61.53","0.00","CashEscIn-Comp","CashEscIn-Comp","0.00","61.53"
"North.Andover","01/28/2013","4","PAYT","12458","CashEscIn-Comp","CashEscIn-Comp","61.53","0.00","ClientEscrow-Com","ClientEscrow-Comp","0.00","61.53"
"North.Attleborough","01/27/2013","42","INV","12547","AR-Fees","AR-Fees","780.46","0.00","Charges-Fees","Charges-Fees","0.00","750.44","TaxRec-Fees","TaxRec-Fees","0.00","30.02"
"North.Brookfield","01/27/2013","39","INV","12548","AR-Fees","AR-Fees","479.63","0.00","Charges-Fees","Charges-Fees","0.00","461.18","TaxRec-Fees","TaxRec-Fees","0.00","18.45"
"North.Reading","01/27/2013","41","INV","12549","AR-Fees","AR-Fees","1303.34","0.00","Charges-Fees","Charges-Fees","0.00","1253.21","TaxRec-Fees","TaxRec-Fees","0.00","50.13"
"Northampton","01/27/2013","24","INV","12550","AR-Fees","AR-Fees","118.55","0.00","Charges-Fees","Charges-Fees","0.00","113.99","TaxRec-Fees","TaxRec-Fees","0.00","4.56"
"Northampton","01/28/2013","225","PAY","12550","Cash-Fees","Cash-Fees","118.55","0.00","AR-Fees","AR-Fees","0.00","118.55","TaxRec-Fees","TaxRec-Fees","4.56","0.00","TaxPay-Fees","TaxPay-Fees","0.00","4.56"
"Northampton","01/28/2013","225","PAY","","Cash-Comp","Cash-Comp","195.46","0.00","Suspense","Suspense","0.00","195.46"
"Northborough","01/28/2013","293","CRED","","Credit-Comp","Credit-Comp","1.01","0.00","Suspense","Suspense","0.00","1.01"
"Northborough","01/28/2013","45","PAYT","12458","CashEscIn-Comp","CashEscIn-Comp","25.01","0.00","ClientEscrow-Com","ClientEscrow-Comp","0.00","25.01"
"Northbridge","01/27/2013","83","INV","12552","AR-Fees","AR-Fees","1071.98","0.00","Charges-Fees","Charges-Fees","0.00","1030.75","TaxRec-Fees","TaxRec-Fees","0.00","41.23"
"Norwell","01/28/2013","226","PAY","","Cash-Comp","Cash-Comp","319.01","0.00","Suspense","Suspense","0.00","319.01"
"Oak Bluffs","01/28/2013","46","PAYT","12458","CashEscIn-Comp","CashEscIn-Comp","25.01","0.00","ClientEscrow-Com","ClientEscrow-Comp","0.00","25.01"
"Orleans","01/28/2013","227","PAY","","Cash-Comp","Cash-Comp","324.01","0.00","Suspense","Suspense","0.00","324.01"
"Orleans","01/28/2013","294","CRED","","Credit-Comp","Credit-Comp","1.01","0.00","Suspense","Suspense","0.00","1.01"
"Palmer","01/28/2013","47","PAYT","12458","CashEscIn-Comp","CashEscIn-Comp","25.01","0.00","ClientEscrow-Com","ClientEscrow-Comp","0.00","25.01"
"Peabody","01/27/2013","123","INV","12553","AR-Fees","AR-Fees","308.72","0.00","Charges-Fees","Charges-Fees","0.00","296.85","TaxRec-Fees","TaxRec-Fees","0.00","11.87"
"Peabody","01/28/2013","228","PAY","12553","Cash-Fees","Cash-Fees","308.72","0.00","AR-Fees","AR-Fees","0.00","308.72","TaxRec-Fees","TaxRec-Fees","11.87","0.00","TaxPay-Fees","TaxPay-Fees","0.00","11.87"
"Peabody","01/28/2013","228","PAY","","Cash-Comp","Cash-Comp","20.29","0.00","Suspense","Suspense","0.00","20.29"
"Peru","01/28/2013","295","CRED","","Credit-Comp","Credit-Comp","1.01","0.00","Suspense","Suspense","0.00","1.01"
"Peru","01/28/2013","48","PAYT","12458","CashEscIn-Comp","CashEscIn-Comp","25.01","0.00","ClientEscrow-Com","ClientEscrow-Comp","0.00","25.01"
"Petersham","01/28/2013","229","PAY","","Cash-Comp","Cash-Comp","334.01","0.00","Suspense","Suspense","0.00","334.01"
"Plymouth","01/28/2013","230","PAY","","Cash-Comp","Cash-Comp","339.01","0.00","Suspense","Suspense","0.00","339.01"
"Plymouth","01/28/2013","49","PAYT","12458","CashEscIn-Comp","CashEscIn-Comp","25.01","0.00","ClientEscrow-Com","ClientEscrow-Comp","0.00","25.01"
"Provincetown","01/28/2013","296","CRED","","Credit-Comp","Credit-Comp","1.01","0.00","Suspense","Suspense","0.00","1.01"
"Randolph","01/28/2013","231","PAY","","Cash-Comp","Cash-Comp","344.01","0.00","Suspense","Suspense","0.00","344.01"
"Raynham","01/28/2013","50","PAYT","12458","CashEscIn-Comp","CashEscIn-Comp","25.01","0.00","ClientEscrow-Com","ClientEscrow-Comp","0.00","25.01"
"Richmond","01/28/2013","232","PAY","","Cash-Comp","Cash-Comp","349.01","0.00","Suspense","Suspense","0.00","349.01"
"Rockland","01/28/2013","297","CRED","","Credit-Comp","Credit-Comp","1.01","0.00","Suspense","Suspense","0.00","1.01"
"Rockland","01/28/2013","51","PAYT","12458","CashEscIn-Comp","CashEscIn-Comp","25.01","0.00","ClientEscrow-Com","ClientEscrow-Comp","0.00","25.01"
"Rowley","01/28/2013","233","PAY","","Cash-Comp","Cash-Comp","354.01","0.00","Suspense","Suspense","0.00","354.01"
"Rutland","01/28/2013","52","PAYT","12458","CashEscIn-Comp","CashEscIn-Comp","25.01","0.00","ClientEscrow-Com","ClientEscrow-Comp","0.00","25.01"
"Salisbury","01/28/2013","234","PAY","","Cash-Comp","Cash-Comp","359.01","0.00","Suspense","Suspense","0.00","359.01"
"Sandisfield","01/28/2013","298","CRED","","Credit-Comp","Credit-Comp","1.01","0.00","Suspense","Suspense","0.00","1.01"
"Saugus","01/27/2013","111","INV","12554","AR-Fees","AR-Fees","411.63","0.00","Charges-Fees","Charges-Fees","0.00","395.80","TaxRec-Fees","TaxRec-Fees","0.00","15.83"
"Savoy","01/28/2013","53","PAYT","12458","CashEscIn-Comp","CashEscIn-Comp","25.01","0.00","ClientEscrow-Com","ClientEscrow-Comp","0.00","25.01"
"Scituate","01/28/2013","235","PAY","","Cash-Comp","Cash-Comp","364.01","0.00","Suspense","Suspense","0.00","364.01"
"Sherborn","01/28/2013","236","PAY","","Cash-Comp","Cash-Comp","369.01","0.00","Suspense","Suspense","0.00","369.01"
"Sherborn","01/28/2013","299","CRED","","Credit-Comp","Credit-Comp","1.01","0.00","Suspense","Suspense","0.00","1.01"
"Sherborn","01/28/2013","54","PAYT","12458","CashEscIn-Comp","CashEscIn-Comp","25.01","0.00","ClientEscrow-Com","ClientEscrow-Comp","0.00","25.01"
"Somerville","01/28/2013","237","PAY","","Cash-Comp","Cash-Comp","374.01","0.00","Suspense","Suspense","0.00","374.01"
"South.Hadley","01/28/2013","55","PAYT","12458","CashEscIn-Comp","CashEscIn-Comp","25.01","0.00","ClientEscrow-Com","ClientEscrow-Comp","0.00","25.01"
"Southbridge","01/28/2013","300","CRED","","Credit-Comp","Credit-Comp","1.01","0.00","Suspense","Suspense","0.00","1.01"
"Southwick","01/28/2013","238","PAY","","Cash-Comp","Cash-Comp","379.01","0.00","Suspense","Suspense","0.00","379.01"
"Springfield","01/28/2013","56","PAYT","12458","CashEscIn-Comp","CashEscIn-Comp","25.01","0.00","ClientEscrow-Com","ClientEscrow-Comp","0.00","25.01"
"Stoneham","01/28/2013","239","PAY","","Cash-Comp","Cash-Comp","384.01","0.00","Suspense","Suspense","0.00","384.01"
"Sturbridge","01/28/2013","301","CRED","","Credit-Comp","Credit-Comp","1.01","0.00","Suspense","Suspense","0.00","1.01"
"Sturbridge","01/28/2013","57","PAYT","12458","CashEscIn-Comp","CashEscIn-Comp","25.01","0.00","ClientEscrow-Com","ClientEscrow-Comp","0.00","25.01"
"Sunderland","01/28/2013","240","PAY","","Cash-Comp","Cash-Comp","389.01","0.00","Suspense","Suspense","0.00","389.01"
"Taunton","01/28/2013","58","PAYT","12458","CashEscIn-Comp","CashEscIn-Comp","25.01","0.00","ClientEscrow-Com","ClientEscrow-Comp","0.00","25.01"
"Templeton","01/28/2013","241","PAY","","Cash-Comp","Cash-Comp","394.01","0.00","Suspense","Suspense","0.00","394.01"
"Tisbury","01/28/2013","302","CRED","","Credit-Comp","Credit-Comp","1.01","0.00","Suspense","Suspense","0.00","1.01"
"Townsend","01/28/2013","242","PAY","","Cash-Comp","Cash-Comp","399.01","0.00","Suspense","Suspense","0.00","399.01"
"Townsend","01/28/2013","59","PAYT","12458","CashEscIn-Comp","CashEscIn-Comp","25.01","0.00","ClientEscrow-Com","ClientEscrow-Comp","0.00","25.01"
"Uxbridge","01/28/2013","243","PAY","","Cash-Comp","Cash-Comp","404.01","0.00","Suspense","Suspense","0.00","404.01"
"Wakefield","01/28/2013","303","CRED","","Credit-Comp","Credit-Comp","1.01","0.00","Suspense","Suspense","0.00","1.01"
"Wakefield","01/28/2013","60","PAYT","12458","CashEscIn-Comp","CashEscIn-Comp","25.01","0.00","ClientEscrow-Com","ClientEscrow-Comp","0.00","25.01"
"Ware","01/28/2013","244","PAY","","Cash-Comp","Cash-Comp","409.01","0.00","Suspense","Suspense","0.00","409.01"
"Warren","01/28/2013","61","PAYT","12458","CashEscIn-Comp","CashEscIn-Comp","25.01","0.00","ClientEscrow-Com","ClientEscrow-Comp","0.00","25.01"
"Watertown","01/28/2013","245","PAY","","Cash-Comp","Cash-Comp","414.01","0.00","Suspense","Suspense","0.00","414.01"
"Watertown","01/28/2013","304","CRED","","Credit-Comp","Credit-Comp","1.01","0.00","Suspense","Suspense","0.00","1.01"
"Wellesley","01/28/2013","62","PAYT","12458","CashEscIn-Comp","CashEscIn-Comp","25.01","0.00","ClientEscrow-Com","ClientEscrow-Comp","0.00","25.01"
"Wendell","01/28/2013","246","PAY","","Cash-Comp","Cash-Comp","419.01","0.00","Suspense","Suspense","0.00","419.01"
"West.Boylston","01/28/2013","247","PAY","","Cash-Comp","Cash-Comp","421.01","0.00","Suspense","Suspense","0.00","421.01"
"West.Bridgewater","01/28/2013","248","PAY","","Cash-Comp","Cash-Comp","422.01","0.00","Suspense","Suspense","0.00","422.01"
"West.Bridgewater","01/28/2013","260","PAY","","Cash-Comp","Cash-Comp","13.01","0.00","Suspense","Suspense","0.00","13.01"
"West.Bridgewater","01/28/2013","263","TRNF","","Suspense","Suspense","422.01","0.00","CashEscIn-Comp","CashEscIn-Comp","0.00","422.01"
"West.Bridgewater","01/28/2013","5","PAYT","12458","CashEscIn-Comp","CashEscIn-Comp","422.01","0.00","ClientEscrow-Com","ClientEscrow-Comp","0.00","422.01"
"West.Brookfield","01/28/2013","305","CRED","","Credit-Comp","Credit-Comp","1.01","0.00","Suspense","Suspense","0.00","1.01"
"West.Brookfield","01/28/2013","63","PAYT","12458","CashEscIn-Comp","CashEscIn-Comp","25.01","0.00","ClientEscrow-Com","ClientEscrow-Comp","0.00","25.01"
"West.Newbury","01/28/2013","249","PAY","","Cash-Comp","Cash-Comp","424.01","0.00","Suspense","Suspense","0.00","424.01"
"Westfield","01/28/2013","250","PAY","","Cash-Comp","Cash-Comp","429.01","0.00","Suspense","Suspense","0.00","429.01"
"Westfield","01/28/2013","64","PAYT","12458","CashEscIn-Comp","CashEscIn-Comp","25.01","0.00","ClientEscrow-Com","ClientEscrow-Comp","0.00","25.01"
"Westminster","01/28/2013","306","CRED","","Credit-Comp","Credit-Comp","1.01","0.00","Suspense","Suspense","0.00","1.01"
"Westport","01/28/2013","251","PAY","","Cash-Comp","Cash-Comp","434.01","0.00","Suspense","Suspense","0.00","434.01"
"Westwood","01/28/2013","65","PAYT","12458","CashEscIn-Comp","CashEscIn-Comp","25.01","0.00","ClientEscrow-Com","ClientEscrow-Comp","0.00","25.01"
"Wilbraham","01/28/2013","252","PAY","","Cash-Comp","Cash-Comp","439.01","0.00","Suspense","Suspense","0.00","439.01"
"Williamstown","01/28/2013","307","CRED","","Credit-Comp","Credit-Comp","1.01","0.00","Suspense","Suspense","0.00","1.01"
"Williamstown","01/28/2013","66","PAYT","12458","CashEscIn-Comp","CashEscIn-Comp","25.01","0.00","ClientEscrow-Com","ClientEscrow-Comp","0.00","25.01"
"Winchester","01/28/2013","253","PAY","","Cash-Comp","Cash-Comp","444.01","0.00","Suspense","Suspense","0.00","444.01"
"Woburn","01/28/2013","67","PAYT","12458","CashEscIn-Comp","CashEscIn-Comp","25.01","0.00","ClientEscrow-Com","ClientEscrow-Comp","0.00","25.01"
"Worthington","01/28/2013","254","PAY","","Cash-Comp","Cash-Comp","449.01","0.00","Suspense","Suspense","0.00","449.01"
"Wrentham","01/28/2013","308","CRED","","Credit-Comp","Credit-Comp","1.01","0.00","Suspense","Suspense","0.00","1.01"
