"10177","PAY","B","Abington","(101.01)","01/28/2013","G:12555","1","","Abington - 1 - 1/28/2013 . Check No. 1","","","","","","","Applies to Invoice: G:12345","97.12","0.00","0.00","3.89","0.00","101.01","0.00","0.00"
"10178","PAY","B","Acton","(102.01)","01/28/2013","G:12556","2","","Acton - 2 - 1/28/2013 . Check No. 2","","","","","","","Applies to Invoice: G:12346","98.09","0.00","0.00","3.92","0.00","102.01","0.00","0.00"
"10179","PAY","B","Acushnet","(103.01)","01/28/2013","G:12557","3","","Acushnet - 3 - 1/28/2013 . Check No. 3","","","","","","","Applies to Invoice: G:12347","99.05","0.00","0.00","3.96","0.00","103.01","0.00","0.00"
"10180","PAY","B","Adams","(104.01)","01/28/2013","G:12558","4","","Adams - 4 - 1/28/2013 . Check No. 4","","","","","","","Applies to Invoice: G:12348","100.01","0.00","0.00","4.00","0.00","104.01","0.00","0.00"
"10181","PAY","B","Agawam","(105.01)","01/28/2013","G:12559","5","","Agawam - 5 - 1/28/2013 . Check No. 5","","","","","","","Applies to Invoice: G:12349","100.97","0.00","0.00","4.04","0.00","105.01","0.00","0.00"
"10182","PAY","B","Andover","(109.01)","01/28/2013","G:12563","9","","Andover - 9 - 1/28/2013 . Check No. 9","","","","","","","Applies to Invoice: G:12353","104.82","0.00","0.00","4.19","0.00","109.01","0.00","0.00"
"10183","PAY","B","Ashfield","(114.01)","01/28/2013","G:12568","14","","Ashfield - 14 - 1/28/2013 . Check No. 14","","","","","","","Applies to Invoice: G:12358","109.62","0.00","0.00","4.39","0.00","114.01","0.00","0.00"
"10184","PAY","B","Avon","(119.01)","01/28/2013","G:12573","19","","Avon - 19 - 1/28/2013 . Check No. 19","","","","","","","Applies to Invoice: G:12363","114.43","0.00","0.00","4.58","0.00","119.01","0.00","0.00"
"10185","PAY","B","Bedford","(124.01)","01/28/2013","G:12578","24","","Bedford - 24 - 1/28/2013 . Check No. 24","","","","","","","Applies to Invoice: G:12368","119.24","0.00","0.00","4.77","0.00","124.01","0.00","0.00"
"10186","PAY","B","Berlin","(129.01)","01/28/2013","G:12583","29","","Berlin - 29 - 1/28/2013 . Check No. 29","","","","","","","Applies to Invoice: G:12372","124.05","0.00","0.00","4.96","0.00","129.01","0.00","0.00"
"10187","PAY","B","Blandford","(134.01)","01/28/2013","G:12588","34","","Blandford - 34 - 1/28/2013 . Check No. 34","","","","","","Applies to Suspense: 19.84","Applies to Invoice: G:12377","7.37","0.00","0.00","0.29","0.00","7.66","0.00","0.00","Applies to Invoice: G:12588","68.77","0.00","34.99","2.75","0.00","71.52","0.00","34.99"
"10188","PAY","B","Boxford","(139.01)","01/28/2013","G:12593","39","","Boxford - 39 - 1/28/2013 . Check No. 39","","","","","","","Applies to Invoice: G:12593","133.66","0.00","0.00","5.35","0.00","139.01","0.00","0.00"
"10189","PAY","B","Brimfield","(144.01)","01/28/2013","G:12598","44","","Brimfield - 44 - 1/28/2013 . Check No. 44","","","","","","","Applies to Invoice: G:12387","138.47","0.00","0.00","5.54","0.00","144.01","0.00","0.00"
"10190","PAY","B","Burlington","(149.01)","01/28/2013","G:12603","49","","Burlington - 49 - 1/28/2013 . Check No. 49","","","","","","","Applies to Invoice: G:12392","143.28","0.00","0.00","5.73","0.00","149.01","0.00","0.00"
"10191","PAY","B","Charlemont","(154.01)","01/28/2013","G:12608","54","","Charlemont - 54 - 1/28/2013 . Check No. 54","","","","","","","Applies to Invoice: G:12608","148.09","0.00","0.00","5.92","0.00","154.01","0.00","0.00"
"10192","PAY","B","Cheshire","(159.01)","01/28/2013","G:12613","59","","Cheshire - 59 - 1/28/2013 . Check No. 59","","","","","","","Applies to Invoice: G:12401","152.89","0.00","0.00","6.12","0.00","159.01","0.00","0.00"
"10193","PAY","B","Clarksburg","(164.01)","01/28/2013","G:12618","64","","Clarksburg - 64 - 1/28/2013 . Check No. 64","","","","","","","Applies to Invoice: G:12406","157.70","0.00","0.00","6.31","0.00","164.01","0.00","0.00"
"10194","PAY","B","Conway","(169.01)","01/28/2013","G:12623","69","","Conway - 69 - 1/28/2013 . Check No. 69","","","","","","","Applies to Invoice: G:12411","162.51","0.00","0.00","6.50","0.00","169.01","0.00","0.00"
"10195","PAY","B","Dedham","(174.01)","01/28/2013","G:12628","74","","Dedham - 74 - 1/28/2013 . Check No. 74","","","","","","","Applies to Invoice: G:12416","167.32","0.00","0.00","6.69","0.00","174.01","0.00","0.00"
"10196","PAY","B","Dover","(179.01)","01/28/2013","G:12633","79","","Dover - 79 - 1/28/2013 . Check No. 79","","","","","",""
"10197","PAY","B","East.Bridgewater","(184.01)","01/28/2013","G:12638","84","","East.Bridgewater - 84 - 1/28/2013 . Check No. 84","","","","","","Applies to Suspense: 167.13","Applies to Invoice: G:12638","0.00","0.00","8.87","0.00","0.00","0.00","0.00","8.87","Applies to Invoice: G:12938","0.00","0.00","8.01","0.00","0.00","0.00","0.00","8.01"
"10198","PAY","B","East.Brookfield","(185.01)","01/28/2013","G:12639","85","","East.Brookfield - 85 - 1/28/2013 . Check No. 85","","","","","","Applies to Suspense: 185.01"
"10199","PAY","B","Easton","(189.01)","01/28/2013","G:12643","89","","Easton - 89 - 1/28/2013 . Check No. 89","","","","","","","Applies to Invoice: G:12430","181.74","0.00","0.00","7.27","0.00","189.01","0.00","0.00"
"10200","PAY","B","Everett","(194.01)","01/28/2013","G:12648","94","","Everett - 94 - 1/28/2013 . Check No. 94","","","","","","","Applies to Invoice: G:12648","186.55","0.00","0.00","7.46","0.00","194.01","0.00","0.00"
"10201","PAY","B","Florida","(199.01)","01/28/2013","G:12653","99","","Florida - 99 - 1/28/2013 . Check No. 99","","","","","","","Applies to Invoice: G:12440","191.36","0.00","0.00","7.65","0.00","199.01","0.00","0.00"
"10202","PAY","B","Gardner","(204.01)","01/28/2013","G:12658","104","","Gardner - 104 - 1/28/2013 . Check No. 104","","","","","",""
"10203","PAY","B","Gosnold","(209.01)","01/28/2013","G:12663","109","","Gosnold - 109 - 1/28/2013 . Check No. 109","","","","","","","Applies to Invoice: G:12663","200.97","0.00","0.00","8.04","0.00","209.01","0.00","0.00"
"10204","PAY","B","Greenfield","(214.01)","01/28/2013","G:12668","114","","Greenfield - 114 - 1/28/2013 . Check No. 114","","","","","","","Applies to Invoice: G:12454","205.78","0.00","0.00","8.23","0.00","214.01","0.00","0.00"
"10205","PAY","B","Hamilton","(219.01)","01/28/2013","G:12672","119","","Hamilton - 119 - 1/28/2013 . Check No. 119","","","","","","","Applies to Invoice: G:12459","210.59","0.00","0.00","8.42","0.00","219.01","0.00","0.00"
"10206","PAY","B","Hardwick","(224.01)","01/28/2013","G:12676","124","","Hardwick - 124 - 1/28/2013 . Check No. 124","","","","","","","Applies to Invoice: G:12464","215.39","0.00","0.00","8.62","0.00","224.01","0.00","0.00"
"10207","PAY","B","Hawley","(229.01)","01/28/2013","G:12679","129","","Hawley - 129 - 1/28/2013 . Check No. 129","","","","","","Applies to Suspense: 99.01","Applies to Invoice: G:12679","0.00","0.00","3.77","0.00","0.00","0.00","0.00","3.77","Applies to Invoice: G:12976","118.11","0.00","3.40","4.72","0.00","122.83","0.00","3.40"
"10208","PAY","B","Holden","(234.01)","01/28/2013","G:12683","134","","Holden - 134 - 1/28/2013 . Check No. 134","","","","","","","Applies to Invoice: G:12473","225.01","0.00","0.00","9.00","0.00","234.01","0.00","0.00"
"10209","PAY","B","Hopkinton","(239.01)","01/28/2013","G:12687","139","","Hopkinton - 139 - 1/28/2013 . Check No. 139","","","","","","","Applies to Invoice: G:12478","229.82","0.00","0.00","9.19","0.00","239.01","0.00","0.00"
"10210","PAY","B","Ipswich","(244.01)","01/28/2013","G:12691","144","","Ipswich - 144 - 1/28/2013 . Check No. 144","","","","","","","Applies to Invoice: G:12483","234.62","0.00","0.00","9.39","0.00","244.01","0.00","0.00"
"10211","PAY","B","Lawrence","(249.01)","01/28/2013","I:148","149","","Lawrence - 149 - 1/28/2013 . Check No. 149","","","","","","Applies to Suspense: 249.01"
"10212","PAY","B","Leverett","(254.01)","01/28/2013","G:12698","154","","Leverett - 154 - 1/28/2013 . Check No. 154","","","","","","","Applies to Invoice: G:12492","244.24","0.00","0.00","9.77","0.00","254.01","0.00","0.00"
"10213","PAY","B","Longmeadow","(259.01)","01/28/2013","I:151","159","","Longmeadow - 159 - 1/28/2013 . Check No. 159","","","","","","","Applies to Invoice: G:12497","198.20","0.00","0.00","7.93","0.00","206.13","0.00","0.00","Applies to Invoice: G:13005","50.85","0.00","0.00","2.03","0.00","52.88","0.00","0.00"
"10214","PAY","B","Lynnfield","(264.01)","01/28/2013","I:153","164","","Lynnfield - 164 - 1/28/2013 . Check No. 164","","","","","","","Applies to Invoice: G:13010","253.85","0.00","0.00","10.16","0.00","264.01","0.00","0.00"
"10215","PAY","B","Marion","(269.01)","01/28/2013","G:12710","169","","Marion - 169 - 1/28/2013 . Check No. 169","","","","","","","Applies to Invoice: G:12507","258.66","0.00","0.00","10.35","0.00","269.01","0.00","0.00"
"10216","PAY","B","Maynard","(274.01)","01/28/2013","G:12714","174","","Maynard - 174 - 1/28/2013 . Check No. 174","","","","","","","Applies to Invoice: G:12512","263.47","0.00","0.00","10.54","0.00","274.01","0.00","0.00"
"10217","PAY","B","Mendon","(279.01)","01/28/2013","G:12718","179","","Mendon - 179 - 1/28/2013 . Check No. 179","","","","","","","Applies to Invoice: G:12516","268.28","0.00","0.00","10.73","0.00","279.01","0.00","0.00"
"10218","PAY","B","Middleton","(284.01)","01/28/2013","G:12722","184","","Middleton - 184 - 1/28/2013 . Check No. 184","","","","","","","Applies to Invoice: G:12521","273.09","0.00","0.00","10.92","0.00","284.01","0.00","0.00"
"10219","PAY","B","Milton","(289.01)","01/28/2013","I:158","189","","Milton - 189 - 1/28/2013 . Check No. 189","","","","","","","Applies to Invoice: G:12526","229.00","0.00","0.00","9.16","0.00","238.16","0.00","0.00","Applies to Invoice: G:13035","48.90","0.00","0.00","1.95","0.00","50.85","0.00","0.00"
"10220","PAY","B","Montgomery","(294.01)","01/28/2013","G:12729","194","","Montgomery - 194 - 1/28/2013 . Check No. 194","","","","","","","Applies to Invoice: G:12531","282.70","0.00","0.00","11.31","0.00","294.01","0.00","0.00"
"10221","PAY","B","Needham","(299.01)","01/28/2013","I:161","199","","Needham - 199 - 1/28/2013 . Check No. 199","","","","","","Applies to Suspense: 168.98","Applies to Invoice: G:12536","125.03","0.00","0.00","5.00","0.00","130.03","0.00","0.00"
"10222","PAY","B","New Salem","(304.01)","01/28/2013","I:163","204","","New Salem - 204 - 1/28/2013 . Check No. 204","","","","","","","Applies to Invoice: G:13049","292.32","0.00","0.00","11.69","0.00","304.01","0.00","0.00"
"10223","PAY","B","North.Adams","(309.01)","01/28/2013","G:12739","209","","North.Adams - 209 - 1/28/2013 . Check No. 209","","","","","","Applies to Suspense: 92.80","Applies to Invoice: G:12739","0.00","0.00","213.26","0.00","0.00","0.00","0.00","213.26","Applies to Invoice: G:13054","0.00","0.00","2.95","0.00","0.00","0.00","0.00","2.95"
"10224","PAY","B","North.Andover","(310.01)","01/28/2013","I:165","210","","North.Andover - 210 - 1/28/2013 . Check No. 210","","","","","","Applies to Suspense: 61.53","Applies to Invoice: G:12546","238.92","0.00","0.00","9.56","0.00","248.48","0.00","0.00"
"10225","PAY","B","Northampton","(314.01)","01/28/2013","I:166","214","","Northampton - 214 - 1/28/2013 . Check No. 214","","","","","","Applies to Suspense: 20.46","Applies to Invoice: G:12550","113.99","0.00","0.00","4.56","0.00","118.55","0.00","0.00","Applies to Invoice: G:13059","168.27","0.00","0.00","6.73","0.00","175.00","0.00","0.00"
"10226","PAY","B","Norwell","(319.01)","01/28/2013","G:12746","219","","Norwell - 219 - 1/28/2013 . Check No. 219","","","","","","","Applies to Invoice: G:13064","306.74","0.00","0.00","12.27","0.00","319.01","0.00","0.00"
"10227","PAY","B","Orleans","(324.01)","01/28/2013","G:12751","224","","Orleans - 224 - 1/28/2013 . Check No. 224","","","","","","","Applies to Invoice: G:12751","311.55","0.00","0.00","12.46","0.00","324.01","0.00","0.00"
"10228","PAY","B","Peabody","(329.01)","01/28/2013","G:12755","229","","Peabody - 229 - 1/28/2013 . Check No. 229","","","","","","","Applies to Invoice: G:12553","296.85","0.00","0.00","11.87","0.00","308.72","0.00","0.00","Applies to Invoice: G:12755","19.51","0.00","0.00","0.78","0.00","20.29","0.00","0.00"
"10229","PAY","B","Petersham","(334.01)","01/28/2013","G:12760","234","","Petersham - 234 - 1/28/2013 . Check No. 234","","","","","","","Applies to Invoice: G:12760","321.17","0.00","0.00","12.84","0.00","334.01","0.00","0.00"
"10230","PAY","B","Plymouth","(339.01)","01/28/2013","G:12765","239","","Plymouth - 239 - 1/28/2013 . Check No. 239","","","","","","","Applies to Invoice: G:12765","325.97","0.00","0.00","13.04","0.00","339.01","0.00","0.00"
"10231","PAY","B","Randolph","(344.01)","01/28/2013","G:12770","244","","Randolph - 244 - 1/28/2013 . Check No. 244","","","","","","","Applies to Invoice: G:12770","228.89","0.00","105.96","9.16","0.00","238.05","0.00","105.96"
"10232","PAY","B","Richmond","(349.01)","01/28/2013","G:12775","249","","Richmond - 249 - 1/28/2013 . Check No. 249","","","","","","","Applies to Invoice: G:12775","335.59","0.00","0.00","13.42","0.00","349.01","0.00","0.00"
"10233","PAY","B","Rowley","(354.01)","01/28/2013","G:12779","254","","Rowley - 254 - 1/28/2013 . Check No. 254","","","","","","","Applies to Invoice: G:12779","124.97","0.00","0.00","5.00","0.00","129.97","0.00","0.00","Applies to Invoice: G:13097","215.42","0.00","0.00","8.62","0.00","224.04","0.00","0.00"
"10234","PAY","B","Salisbury","(359.01)","01/28/2013","G:12784","259","","Salisbury - 259 - 1/28/2013 . Check No. 259","","","","","","","Applies to Invoice: G:13102","345.20","0.00","0.00","13.81","0.00","359.01","0.00","0.00"
"10235","PAY","B","Scituate","(364.01)","01/28/2013","G:12789","264","","Scituate - 264 - 1/28/2013 . Check No. 264","","","","","","","Applies to Invoice: G:12789","350.01","0.00","0.00","14.00","0.00","364.01","0.00","0.00"
"10236","PAY","B","Sherborn","(369.01)","01/28/2013","G:12794","269","","Sherborn - 269 - 1/28/2013 . Check No. 269","","","","","","","Applies to Invoice: G:12794","354.82","0.00","0.00","14.19","0.00","369.01","0.00","0.00"
"10237","PAY","B","Somerville","(374.01)","01/28/2013","G:12799","274","","Somerville - 274 - 1/28/2013 . Check No. 274","","","","","","Applies to Suspense: 374.01"
"10238","PAY","B","Southwick","(379.01)","01/28/2013","G:12803","279","","Southwick - 279 - 1/28/2013 . Check No. 279","","","","","","","Applies to Invoice: G:12803","218.18","0.00","152.10","8.73","0.00","226.91","0.00","152.10"
"10239","PAY","B","Stoneham","(384.01)","01/28/2013","G:12808","284","","Stoneham - 284 - 1/28/2013 . Check No. 284","","","","","","","Applies to Invoice: G:12808","369.24","0.00","0.00","14.77","0.00","384.01","0.00","0.00"
"10240","PAY","B","Sunderland","(389.01)","01/28/2013","G:12813","289","","Sunderland - 289 - 1/28/2013 . Check No. 289","","","","","","","Applies to Invoice: G:12813","329.89","0.00","0.00","13.20","0.00","343.09","0.00","0.00","Applies to Invoice: G:13131","44.15","0.00","0.00","1.77","0.00","45.92","0.00","0.00"
"10241","PAY","B","Templeton","(394.01)","01/28/2013","G:12818","294","","Templeton - 294 - 1/28/2013 . Check No. 294","","","","","","","Applies to Invoice: G:12818","378.86","0.00","0.00","15.15","0.00","394.01","0.00","0.00"
"10242","PAY","B","Townsend","(399.01)","01/28/2013","G:12823","299","","Townsend - 299 - 1/28/2013 . Check No. 299","","","","","","Applies to Suspense: 165.20","Applies to Invoice: G:12823","224.82","0.00","0.00","8.99","0.00","233.81","0.00","0.00"
"10243","PAY","B","Uxbridge","(404.01)","01/28/2013","G:12827","304","","Uxbridge - 304 - 1/28/2013 . Check No. 304","","","","","","","Applies to Invoice: G:12827","388.47","0.00","0.00","15.54","0.00","404.01","0.00","0.00"
"10244","PAY","B","Ware","(409.01)","01/28/2013","G:12832","309","","Ware - 309 - 1/28/2013 . Check No. 309","","","","","","","Applies to Invoice: G:12832","124.91","0.00","0.00","5.00","0.00","129.91","0.00","0.00","Applies to Invoice: G:13149","268.36","0.00","0.00","10.74","0.00","279.10","0.00","0.00"
"10245","PAY","B","Watertown","(414.01)","01/28/2013","G:12837","314","","Watertown - 314 - 1/28/2013 . Check No. 314","","","","","","","Applies to Invoice: G:12837","0.00","0.00","314.99","0.00","0.00","0.00","0.00","314.99","Applies to Invoice: G:13154","95.21","0.00","0.00","3.81","0.00","99.02","0.00","0.00"
"10246","PAY","B","Wendell","(419.01)","01/28/2013","G:12842","319","","Wendell - 319 - 1/28/2013 . Check No. 319","","","","","","","Applies to Invoice: G:12842","402.89","0.00","0.00","16.12","0.00","419.01","0.00","0.00"
"10247","PAY","B","West.Boylston","(421.01)","01/28/2013","G:12844","321","","West.Boylston - 321 - 1/28/2013 . Check No. 321","","","","","","Applies to Suspense: 26.03","Applies to Invoice: G:12844","347.62","0.00","0.00","13.90","0.00","361.52","0.00","0.00","Applies to Invoice: G:13161","32.17","0.00","0.00","1.29","0.00","33.46","0.00","0.00"
"10248","PAY","B","West.Bridgewater","(422.01)","01/28/2013","G:12845","322","","West.Bridgewater - 322 - 1/28/2013 . Check No. 322","","","","","","Applies to Suspense: 422.01"
"10249","PAY","B","West.Newbury","(424.01)","01/28/2013","G:12847","324","","West.Newbury - 324 - 1/28/2013 . Check No. 324","","","","","","","Applies to Invoice: G:12847","407.70","0.00","0.00","16.31","0.00","424.01","0.00","0.00"
"10250","PAY","B","Westfield","(429.01)","01/28/2013","G:12851","329","","Westfield - 329 - 1/28/2013 . Check No. 329","","","","","","Applies to Suspense: 54.99","Applies to Invoice: G:13168","359.63","0.00","0.00","14.39","0.00","374.02","0.00","0.00"
"10251","PAY","B","Westport","(434.01)","01/28/2013","G:12856","334","","Westport - 334 - 1/28/2013 . Check No. 334","","","","","","","Applies to Invoice: G:12856","417.32","0.00","0.00","16.69","0.00","434.01","0.00","0.00"
"10252","PAY","B","Wilbraham","(439.01)","01/28/2013","G:12861","339","","Wilbraham - 339 - 1/28/2013 . Check No. 339","","","","","","Applies to Suspense: 25.77","Applies to Invoice: G:12861","397.35","0.00","0.00","15.89","0.00","413.24","0.00","0.00"
"10253","PAY","B","Winchester","(444.01)","01/28/2013","G:12866","344","","Winchester - 344 - 1/28/2013 . Check No. 344","","","","","","Applies to Suspense: 101.09","Applies to Invoice: G:12866","329.73","0.00","0.00","13.19","0.00","342.92","0.00","0.00"
"10254","PAY","B","Worthington","(449.01)","01/28/2013","G:12871","349","","Worthington - 349 - 1/28/2013 . Check No. 349","","","","","","","Applies to Invoice: G:12871","431.74","0.00","0.00","17.27","0.00","449.01","0.00","0.00"
"10256","PAY","B","East.Brookfield","(11.01)","01/28/2013","G:12639","","","Transferred payment","","","","","","","Applies to Invoice: G:12639","5.99","0.00","4.78","0.24","0.00","6.23","0.00","4.78"
"10258","PAY","B","North.Andover","(12.01)","01/28/2013","I:165","","","Transferred payment","","","","","","Applies to Suspense: 12.01"
"10260","PAY","B","West.Bridgewater","(13.01)","01/28/2013","G:12845","","","Transferred payment","","","","","","","Applies to Invoice: G:12845","12.51","0.00","0.00","0.50","0.00","13.01","0.00","0.00"
"10309","PAY","B","Hadley","(31.01)","01/28/2013","G:12670","pay-1-1","","bds-pay: Hadley - 1/28/2013 . Check No. pay-1-1","","","","","","","Applies to Invoice: G:12457","29.82","0.00","0.00","1.19","0.00","31.01","0.00","0.00"
"10310","PAY","B","Halifax","(32.01)","01/28/2013","G:12671","pay-2-1","","bds-pay: Halifax - 1/28/2013 . Check No. pay-2-1","","","","","","","Applies to Invoice: G:12458","30.78","0.00","0.00","1.23","0.00","32.01","0.00","0.00"
"10312","PAY","B","Agawam","(25.01)","02/27/2013","G:12559","","","Payment from account","","","","","Funds Account :Default.","","Applies to Invoice: G:12559","16.92","0.00","7.41","0.68","0.00","17.60","0.00","7.41"
"10326","PAY","B","East.Longmeadow","(120.47)","02/27/2013","G:12640","","","Payment from account","","","","","Funds Account :Default.","","Applies to Invoice: G:12640","115.29","0.00","0.57","4.61","0.00","119.90","0.00","0.57"
"10335","PAY","B","Holyoke","(1.95)","02/27/2013","G:12686","","","Payment from account","","","","","Funds Account :Default.","","Applies to Invoice: G:12686","0.00","0.00","1.95","0.00","0.00","0.00","0.00","1.95"
"10337","PAY","B","Huntington","(1.13)","02/27/2013","G:12690","","","Payment from account","","","","","Funds Account :Default.","","Applies to Invoice: G:12690","0.00","0.00","1.13","0.00","0.00","0.00","0.00","1.13"
"10340","PAY","B","Ludlow","(3.40)","02/27/2013","G:12703","","","Payment from account","","","","","Funds Account :Default.","","Applies to Invoice: G:12703","0.00","0.00","3.40","0.00","0.00","0.00","0.00","3.40"
"10342","PAY","B","Monson","(2.80)","02/27/2013","G:12727","","","Payment from account","","","","","Funds Account :Default.","","Applies to Invoice: G:12727","0.00","0.00","2.80","0.00","0.00","0.00","0.00","2.80"
"10345","PAY","B","Palmer","(25.01)","02/27/2013","G:12753","","","Payment from account","","","","","Funds Account :Default.","","Applies to Invoice: G:12753","24.05","0.00","0.00","0.96","0.00","25.01","0.00","0.00"
"10353","PAY","B","Warren","(25.01)","02/27/2013","G:12834","","","Payment from account","","","","","Funds Account :Default.","","Applies to Invoice: G:12834","24.05","0.00","0.00","0.96","0.00","25.01","0.00","0.00"
"10358","PAY","B","West.Brookfield","(25.01)","02/27/2013","G:12846","","","Payment from account","","","","","Funds Account :Default.","","Applies to Invoice: G:12846","24.05","0.00","0.00","0.96","0.00","25.01","0.00","0.00"
"10362","PAY","B","West.Tisbury","(422.01)","02/27/2013","G:12849","","","Payment from account","","","","","Funds Account :Default.","","Applies to Invoice: G:12849","405.78","0.00","0.00","16.23","0.00","422.01","0.00","0.00"
"10368","PAY","B","Adams","(25.01)","02/27/2013","G:12558","","","Payment from account","","","","","Funds Account :Default.","","Applies to Invoice: G:12558","16.94","0.00","7.39","0.68","0.00","17.62","0.00","7.39"
"10370","PAY","B","Becket","(25.01)","02/27/2013","G:12577","","","Payment from account","","","","","Funds Account :Default.","","Applies to Invoice: G:12577","23.79","0.00","0.27","0.95","0.00","24.74","0.00","0.27"
"10373","PAY","B","Cheshire","(25.01)","02/27/2013","G:12613","","","Payment from account","","","","","Funds Account :Default.","","Applies to Invoice: G:12613","21.90","0.00","2.23","0.88","0.00","22.78","0.00","2.23"
"10375","PAY","B","Dalton","(25.01)","02/27/2013","G:12625","","","Payment from account","","","","","Funds Account :Default.","","Applies to Invoice: G:12625","22.23","0.00","1.89","0.89","0.00","23.12","0.00","1.89"
"10377","PAY","B","Great Barrington","(25.01)","02/27/2013","G:12667","","","Payment from account","","","","","Funds Account :Default.","","Applies to Invoice: G:12667","22.64","0.00","1.46","0.91","0.00","23.55","0.00","1.46"
"10381","PAY","B","Peru","(25.01)","02/27/2013","G:12759","","","Payment from account","","","","","Funds Account :Default.","","Applies to Invoice: G:12759","24.05","0.00","0.00","0.96","0.00","25.01","0.00","0.00"
"10387","PAY","B","New Marlborough","(1.19)","02/27/2013","G:12735","","","Payment from account","","","","","Funds Account :Default.","","Applies to Invoice: G:12735","0.00","0.00","1.19","0.00","0.00","0.00","0.00","1.19"
"10391","PAY","B","North.Reading","(5.53)","02/27/2013","G:12742","","","Payment from account","","","","","Funds Account :Default.","","Applies to Invoice: G:12742","0.00","0.00","5.53","0.00","0.00","0.00","0.00","5.53"
"10403","PAY","B","Williamstown","(25.01)","02/27/2013","G:12863","","","Payment from account","","","","","Funds Account :Default.","","Applies to Invoice: G:12863","24.05","0.00","0.00","0.96","0.00","25.01","0.00","0.00"
"10447","PAY","B","Berlin","(3.46)","02/27/2013","G:12583","","","Payment from account","","","","","Funds Account :Default.","","Applies to Invoice: G:12583","0.00","0.00","3.46","0.00","0.00","0.00","0.00","3.46"
"10453","PAY","B","Clinton","(25.01)","02/27/2013","G:12619","","","Payment from account","","","","","Funds Account :Default.","","Applies to Invoice: G:12619","24.05","0.00","0.00","0.96","0.00","25.01","0.00","0.00"
"10464","PAY","B","Rutland","(25.01)","02/27/2013","G:12782","","","Payment from account","","","","","Funds Account :Default.","","Applies to Invoice: G:12782","24.05","0.00","0.00","0.96","0.00","25.01","0.00","0.00"
"10470","PAY","B","Sturbridge","(25.01)","02/27/2013","G:12811","","","Payment from account","","","","","Funds Account :Default.","","Applies to Invoice: G:12811","24.05","0.00","0.00","0.96","0.00","25.01","0.00","0.00"
"10480","PAY","B","Framingham","(25.01)","02/27/2013","G:12655","","","Payment from account","","","","","Funds Account :Default.","","Applies to Invoice: G:12655","23.10","0.00","0.99","0.92","0.00","24.02","0.00","0.99"
"10483","PAY","B","Acton","(25.01)","02/27/2013","G:12556","","","Payment from account","","","","","Funds Account :Default.","","Applies to Invoice: G:12556","20.62","0.00","3.57","0.82","0.00","21.44","0.00","3.57"
"10487","PAY","B","Bolton","(25.01)","02/27/2013","G:12589","","","Payment from account","","","","","Funds Account :Default.","","Applies to Invoice: G:12589","22.47","0.00","1.64","0.90","0.00","23.37","0.00","1.64"
"10496","PAY","B","Mendon","(0.27)","02/27/2013","G:12718","","","Payment from account","","","","","Funds Account :Default.","","Applies to Invoice: G:12718","0.00","0.00","0.27","0.00","0.00","0.00","0.00","0.27"
"10498","PAY","B","Milford","(4.11)","02/27/2013","G:12723","","","Payment from account","","","","","Funds Account :Default.","","Applies to Invoice: G:12723","0.00","0.00","4.11","0.00","0.00","0.00","0.00","4.11"
"10501","PAY","B","Sherborn","(25.01)","02/27/2013","G:12794","","","Payment from account","","","","","Funds Account :Default.","","Applies to Invoice: G:12794","24.05","0.00","0.00","0.96","0.00","25.01","0.00","0.00"
"10521","PAY","B","Wakefield","(25.01)","02/27/2013","G:12828","","","Payment from account","","","","","Funds Account :Default.","","Applies to Invoice: G:12828","24.05","0.00","0.00","0.96","0.00","25.01","0.00","0.00"
"10534","PAY","B","Gloucester","(25.01)","02/27/2013","G:12661","","","Payment from account","","","","","Funds Account :Default.","","Applies to Invoice: G:12661","20.29","0.00","3.91","0.81","0.00","21.10","0.00","3.91"
"10536","PAY","B","Hamilton","(3.51)","02/27/2013","G:12672","","","Payment from account","","","","","Funds Account :Default.","","Applies to Invoice: G:12672","0.00","0.00","3.51","0.00","0.00","0.00","0.00","3.51"
"10556","PAY","B","Mansfield","(0.99)","02/27/2013","G:12708","","","Payment from account","","","","","Funds Account :Default.","","Applies to Invoice: G:12708","0.00","0.00","0.99","0.00","0.00","0.00","0.00","0.99"
"10563","PAY","B","Westwood","(25.01)","02/27/2013","G:12857","","","Payment from account","","","","","Funds Account :Default.","","Applies to Invoice: G:12857","24.05","0.00","0.00","0.96","0.00","25.01","0.00","0.00"
"10575","PAY","B","Braintree","(25.01)","02/27/2013","G:12595","","","Payment from account","","","","","Funds Account :Default.","","Applies to Invoice: G:12595","20.29","0.00","3.91","0.81","0.00","21.10","0.00","3.91"
"10580","PAY","B","Carver","(25.01)","02/27/2013","G:12607","","","Payment from account","","","","","Funds Account :Default.","","Applies to Invoice: G:12607","19.80","0.00","4.42","0.79","0.00","20.59","0.00","4.42"
"10582","PAY","B","Duxbury","(25.01)","02/27/2013","G:12637","","","Payment from account","","","","","Funds Account :Default.","","Applies to Invoice: G:12637","24.05","0.00","0.00","0.96","0.00","25.01","0.00","0.00"
"10584","PAY","B","Easton","(25.01)","02/27/2013","G:12643","","","Payment from account","","","","","Funds Account :Default.","","Applies to Invoice: G:12643","23.39","0.00","0.68","0.94","0.00","24.33","0.00","0.68"
"10591","PAY","B","Abington","(25.01)","02/27/2013","G:12555","","","Payment from account","","","","","Funds Account :Default.","","Applies to Invoice: G:12555","22.03","0.00","2.10","0.88","0.00","22.91","0.00","2.10"
"10594","PAY","B","Plymouth","(25.01)","02/27/2013","G:12765","","","Payment from account","","","","","Funds Account :Default.","","Applies to Invoice: G:12765","24.05","0.00","0.00","0.96","0.00","25.01","0.00","0.00"
"10599","PAY","B","Rockland","(25.01)","02/27/2013","G:12776","","","Payment from account","","","","","Funds Account :Default.","","Applies to Invoice: G:12776","24.05","0.00","0.00","0.96","0.00","25.01","0.00","0.00"
"10602","PAY","B","Lexington","(1.57)","02/27/2013","G:12699","","","Payment from account","","","","","Funds Account :Default.","","Applies to Invoice: G:12699","0.00","0.00","1.57","0.00","0.00","0.00","0.00","1.57"
"10604","PAY","B","Brookline","(25.01)","02/27/2013","G:12601","","","Payment from account","","","","","Funds Account :Default.","","Applies to Invoice: G:12601","22.64","0.00","1.46","0.91","0.00","23.55","0.00","1.46"
"10609","PAY","B","Arlington","(5.05)","02/27/2013","G:12565","","","Payment from account","","","","","Funds Account :Default.","","Applies to Invoice: G:12565","0.00","0.00","5.05","0.00","0.00","0.00","0.00","5.05"
"10612","PAY","B","Wellesley","(25.01)","02/27/2013","G:12840","","","Payment from account","","","","","Funds Account :Default.","","Applies to Invoice: G:12840","24.05","0.00","0.00","0.96","0.00","25.01","0.00","0.00"
"10620","PAY","B","Oak Bluffs","(25.01)","02/27/2013","G:12748","","","Payment from account","","","","","Funds Account :Default.","","Applies to Invoice: G:12748","24.05","0.00","0.00","0.96","0.00","25.01","0.00","0.00"
"10634","PAY","B","Attleboro","(25.01)","02/27/2013","G:12571","","","Payment from account","","","","","Funds Account :Default.","","Applies to Invoice: G:12571","24.05","0.00","0.00","0.96","0.00","25.01","0.00","0.00"
"10638","PAY","B","Dighton","(5.20)","02/27/2013","G:12631","","","Payment from account","","","","","Funds Account :Default.","","Applies to Invoice: G:12631","0.00","0.00","5.20","0.00","0.00","0.00","0.00","5.20"
"10640","PAY","B","Fairhaven","(10.63)","02/27/2013","G:12649","","","Payment from account","","","","","Funds Account :Default.","","Applies to Invoice: G:12649","0.00","0.00","10.63","0.00","0.00","0.00","0.00","10.63"
"10645","PAY","B","Mattapoisett","(3.92)","02/27/2013","G:12713","","","Payment from account","","","","","Funds Account :Default.","","Applies to Invoice: G:12713","0.00","0.00","3.92","0.00","0.00","0.00","0.00","3.92"
"10648","PAY","B","Acushnet","(25.01)","02/27/2013","G:12557","","","Payment from account","","","","","Funds Account :Default.","","Applies to Invoice: G:12557","19.24","0.00","5.00","0.77","0.00","20.01","0.00","5.00"
"10652","PAY","B","Raynham","(25.01)","02/27/2013","G:12771","","","Payment from account","","","","","Funds Account :Default.","","Applies to Invoice: G:12771","24.05","0.00","0.00","0.96","0.00","25.01","0.00","0.00"
"10657","PAY","B","Taunton","(25.01)","02/27/2013","G:12817","","","Payment from account","","","","","Funds Account :Default.","","Applies to Invoice: G:12817","24.05","0.00","0.00","0.96","0.00","25.01","0.00","0.00"
"10664","PAY","B","Abington","(101.02)","02/28/2013","G:12873","","","Abington - 1 - 2/28/2013","","","","","","","Applies to Invoice: G:12555","72.82","0.00","0.00","2.91","0.00","75.73","0.00","0.00","Applies to Invoice: G:12345","24.32","0.00","0.00","0.97","0.00","25.29","0.00","0.00"
"10665","PAY","B","Acton","(102.02)","02/28/2013","G:12874","","","Acton - 2 - 2/28/2013","","","","","","","Applies to Invoice: G:12346","98.10","0.00","0.00","3.92","0.00","102.02","0.00","0.00"
"10666","PAY","B","Acushnet","(103.02)","02/28/2013","G:12875","","","Acushnet - 3 - 2/28/2013","","","","","","","Applies to Invoice: G:12347","99.06","0.00","0.00","3.96","0.00","103.02","0.00","0.00"
"10667","PAY","B","Adams","(104.02)","02/28/2013","G:12876","","","Adams - 4 - 2/28/2013","","","","","","","Applies to Invoice: G:12348","100.02","0.00","0.00","4.00","0.00","104.02","0.00","0.00"
"10668","PAY","B","Agawam","(105.02)","02/28/2013","G:12877","","","Agawam - 5 - 2/28/2013","","","","","","","Applies to Invoice: G:12349","100.98","0.00","0.00","4.04","0.00","105.02","0.00","0.00"
"10669","PAY","B","Amherst","(108.02)","02/28/2013","G:12880","","","Amherst - 8 - 2/28/2013","","","","","","","Applies to Invoice: G:12352","103.86","0.00","0.00","4.16","0.00","108.02","0.00","0.00"
"10670","PAY","B","Ashby","(113.02)","02/28/2013","G:12885","","","Ashby - 13 - 2/28/2013","","","","","","","Applies to Invoice: G:12357","108.67","0.00","0.00","4.35","0.00","113.02","0.00","0.00"
"10671","PAY","B","Auburn","(118.02)","02/28/2013","G:12889","","","Auburn - 18 - 2/28/2013","","","","","","","Applies to Invoice: G:12362","113.48","0.00","0.00","4.54","0.00","118.02","0.00","0.00"
"10672","PAY","B","Becket","(123.02)","02/28/2013","I:176","","","Becket - 23 - 2/28/2013","","","","","","","Applies to Invoice: G:12577","58.25","0.00","0.00","2.33","0.00","60.58","0.00","0.00","Applies to Invoice: G:12367","60.04","0.00","0.00","2.40","0.00","62.44","0.00","0.00"
"10673","PAY","B","Berkley","(128.02)","02/28/2013","I:178","","","Berkley - 28 - 2/28/2013","","","","","","","Applies to Invoice: G:12582","123.10","0.00","0.00","4.92","0.00","128.02","0.00","0.00"
"10674","PAY","B","Blackstone","(133.02)","02/28/2013","G:12899","","","Blackstone - 33 - 2/28/2013","","","","","","","Applies to Invoice: G:12376","127.90","0.00","0.00","5.12","0.00","133.02","0.00","0.00"
"10675","PAY","B","Boxborough","(138.02)","02/28/2013","G:12903","","","Boxborough - 38 - 2/28/2013","","","","","","","Applies to Invoice: G:12381","132.71","0.00","0.00","5.31","0.00","138.02","0.00","0.00"
"10676","PAY","B","Bridgewater","(143.02)","02/28/2013","I:182","","","Bridgewater - 43 - 2/28/2013","","","","","","","Applies to Invoice: G:12597","137.52","0.00","0.00","5.50","0.00","143.02","0.00","0.00"
"10677","PAY","B","Buckland","(148.02)","02/28/2013","G:12911","","","Buckland - 48 - 2/28/2013","","","","","","","Applies to Invoice: G:12391","142.33","0.00","0.00","5.69","0.00","148.02","0.00","0.00"
"10678","PAY","B","Carver","(153.02)","02/28/2013","G:12915","","","Carver - 53 - 2/28/2013","","","","","","","Applies to Invoice: G:12395","147.13","0.00","0.00","5.89","0.00","153.02","0.00","0.00"
"10679","PAY","B","Chelsea","(158.02)","02/28/2013","G:12919","","","Chelsea - 58 - 2/28/2013","","","","","","","Applies to Invoice: G:12400","151.94","0.00","0.00","6.08","0.00","158.02","0.00","0.00"
"10680","PAY","B","Chilmark","(163.02)","02/28/2013","G:12923","","","Chilmark - 63 - 2/28/2013","","","","","","","Applies to Invoice: G:12405","156.75","0.00","0.00","6.27","0.00","163.02","0.00","0.00"
"10681","PAY","B","Concord","(168.02)","02/28/2013","G:12927","","","Concord - 68 - 2/28/2013","","","","","","","Applies to Invoice: G:12410","161.56","0.00","0.00","6.46","0.00","168.02","0.00","0.00"
"10682","PAY","B","Dartmouth","(173.02)","02/28/2013","G:12931","","","Dartmouth - 73 - 2/28/2013","","","","","","","Applies to Invoice: G:12415","166.37","0.00","0.00","6.65","0.00","173.02","0.00","0.00"
"10683","PAY","B","Douglas","(178.02)","02/28/2013","I:190","","","Douglas - 78 - 2/28/2013","","","","","",""
"10684","PAY","B","Duxbury","(183.02)","02/28/2013","I:191","","","Duxbury - 83 - 2/28/2013","","","","","","","Applies to Invoice: G:12637","175.98","0.00","0.00","7.04","0.00","183.02","0.00","0.00"
"10685","PAY","B","East.Bridgewater","(184.02)","02/28/2013","G:12938","","","East.Bridgewater - 84 - 2/28/2013","","","","","","Applies to Suspense: 184.02"
"10686","PAY","B","East.Brookfield","(185.02)","02/28/2013","G:12939","","","East.Brookfield - 85 - 2/28/2013","","","","","","Applies to Suspense: 185.02"
"10687","PAY","B","Easthampton","(188.02)","02/28/2013","I:193","","","Easthampton - 88 - 2/28/2013","","","","","","Applies to Suspense: 46.71","Applies to Invoice: G:12642","0.00","0.00","0.60","0.00","0.00","0.00","0.00","0.60","Applies to Invoice: G:12429","135.30","0.00","0.00","5.41","0.00","140.71","0.00","0.00"
"10688","PAY","B","Essex","(193.02)","02/28/2013","G:12945","","","Essex - 93 - 2/28/2013","","","","","","","Applies to Invoice: G:12434","185.60","0.00","0.00","7.42","0.00","193.02","0.00","0.00"
"10689","PAY","B","Fitchburg","(198.02)","02/28/2013","I:195","","","Fitchburg - 98 - 2/28/2013","","","","","","","Applies to Invoice: G:12652","190.40","0.00","0.00","7.62","0.00","198.02","0.00","0.00"
"10690","PAY","B","Freetown","(203.02)","02/28/2013","G:12952","","","Freetown - 103 - 2/28/2013","","","","","",""
"10691","PAY","B","Goshen","(208.02)","02/28/2013","G:12956","","","Goshen - 108 - 2/28/2013","","","","","","","Applies to Invoice: G:12448","200.02","0.00","0.00","8.00","0.00","208.02","0.00","0.00"
"10692","PAY","B","Great Barrington","(213.02)","02/28/2013","G:12960","","","Great Barrington - 113 - 2/28/2013","","","","","","","Applies to Invoice: G:12453","204.83","0.00","0.00","8.19","0.00","213.02","0.00","0.00"
"10693","PAY","B","Halifax","(218.02)","02/28/2013","G:12965","","","Halifax - 118 - 2/28/2013","","","","","","","Applies to Invoice: G:12458","209.64","0.00","0.00","8.38","0.00","218.02","0.00","0.00"
"10694","PAY","B","Hanson","(223.02)","02/28/2013","G:12970","","","Hanson - 123 - 2/28/2013","","","","","","","Applies to Invoice: G:12463","214.44","0.00","0.00","8.58","0.00","223.02","0.00","0.00"
"10695","PAY","B","Haverhill","(228.02)","02/28/2013","G:12975","","","Haverhill - 128 - 2/28/2013","","","","","","Applies to Suspense: 225.06","Applies to Invoice: G:12975","0.00","0.00","2.96","0.00","0.00","0.00","0.00","2.96"
"10696","PAY","B","Holbrook","(233.02)","02/28/2013","G:12980","","","Holbrook - 133 - 2/28/2013","","","","","","","Applies to Invoice: G:12682","0.00","0.00","0.55","0.00","0.00","0.00","0.00","0.55","Applies to Invoice: G:12472","123.76","0.00","0.00","4.95","0.00","128.71","0.00","0.00","Applies to Invoice: G:12980","99.77","0.00","0.00","3.99","0.00","103.76","0.00","0.00"
"10697","PAY","B","Hopedale","(238.02)","02/28/2013","G:12985","","","Hopedale - 138 - 2/28/2013","","","","","","","Applies to Invoice: G:12985","95.22","0.00","138.99","3.81","0.00","99.03","0.00","138.99"
"10698","PAY","B","Huntington","(243.02)","02/28/2013","G:12990","","","Huntington - 143 - 2/28/2013","","","","","","","Applies to Invoice: G:12482","233.67","0.00","0.00","9.35","0.00","243.02","0.00","0.00"
"10699","PAY","B","Lanesborough","(248.02)","02/28/2013","G:12995","","","Lanesborough - 148 - 2/28/2013","","","","","","","Applies to Invoice: G:12487","238.48","0.00","0.00","9.54","0.00","248.02","0.00","0.00"
"10700","PAY","B","Leominster","(253.02)","02/28/2013","G:12999","","","Leominster - 153 - 2/28/2013","","","","","","","Applies to Invoice: G:12999","243.29","0.00","0.00","9.73","0.00","253.02","0.00","0.00"
"10701","PAY","B","Littleton","(258.02)","02/28/2013","G:13004","","","Littleton - 158 - 2/28/2013","","","","","","","Applies to Invoice: G:12496","248.10","0.00","0.00","9.92","0.00","258.02","0.00","0.00"
"10702","PAY","B","Lynn","(263.02)","02/28/2013","G:13009","","","Lynn - 163 - 2/28/2013","","","","","","","Applies to Invoice: G:12501","252.90","0.00","0.00","10.12","0.00","263.02","0.00","0.00"
"10703","PAY","B","Marblehead","(268.02)","02/28/2013","G:13014","","","Marblehead - 168 - 2/28/2013","","","","","","","Applies to Invoice: G:12506","257.71","0.00","0.00","10.31","0.00","268.02","0.00","0.00"
"10704","PAY","B","Mattapoisett","(273.02)","02/28/2013","G:13019","","","Mattapoisett - 173 - 2/28/2013","","","","","","","Applies to Invoice: G:12511","262.52","0.00","0.00","10.50","0.00","273.02","0.00","0.00"
"10705","PAY","B","Melrose","(278.02)","02/28/2013","G:13024","","","Melrose - 178 - 2/28/2013","","","","","","","Applies to Invoice: G:12717","0.00","0.00","0.99","0.00","0.00","0.00","0.00","0.99","Applies to Invoice: G:12515","224.80","0.00","0.00","8.99","0.00","233.79","0.00","0.00","Applies to Invoice: G:13024","41.58","0.00","0.00","1.66","0.00","43.24","0.00","0.00"
"10706","PAY","B","Middlefield","(283.02)","02/28/2013","G:13029","","","Middlefield - 183 - 2/28/2013","","","","","","","Applies to Invoice: G:12520","272.14","0.00","0.00","10.88","0.00","283.02","0.00","0.00"
"10707","PAY","B","Millville","(288.02)","02/28/2013","G:13034","","","Millville - 188 - 2/28/2013","","","","","","","Applies to Invoice: G:12725","0.00","0.00","0.54","0.00","0.00","0.00","0.00","0.54","Applies to Invoice: G:12525","122.73","0.00","0.00","4.91","0.00","127.64","0.00","0.00","Applies to Invoice: G:13034","153.69","0.00","0.00","6.15","0.00","159.84","0.00","0.00"
"10708","PAY","B","Monterey","(293.02)","02/28/2013","G:13039","","","Monterey - 193 - 2/28/2013","","","","","","","Applies to Invoice: G:13039","281.75","0.00","0.00","11.27","0.00","293.02","0.00","0.00"
"10709","PAY","B","Natick","(298.02)","02/28/2013","G:13044","","","Natick - 198 - 2/28/2013","","","","","","","Applies to Invoice: G:12535","286.56","0.00","0.00","11.46","0.00","298.02","0.00","0.00"
"10710","PAY","B","New Marlborough","(303.02)","02/28/2013","G:13048","","","New Marlborough - 203 - 2/28/2013","","","","","","","Applies to Invoice: G:12539","268.93","0.00","0.00","10.76","0.00","279.69","0.00","0.00","Applies to Invoice: G:13048","22.43","0.00","0.00","0.90","0.00","23.33","0.00","0.00"
"10711","PAY","B","Norfolk","(308.02)","02/28/2013","G:13053","","","Norfolk - 208 - 2/28/2013","","","","","","","Applies to Invoice: G:13053","296.17","0.00","0.00","11.85","0.00","308.02","0.00","0.00"
"10712","PAY","B","North.Adams","(309.02)","02/28/2013","G:13054","","","North.Adams - 209 - 2/28/2013","","","","","","Applies to Suspense: 309.02"
"10713","PAY","B","North.Andover","(310.02)","02/28/2013","G:13055","","","North.Andover - 210 - 2/28/2013","","","","","","","Applies to Invoice: G:13055","298.10","0.00","0.00","11.92","0.00","310.02","0.00","0.00"
"10714","PAY","B","North.Reading","(313.02)","02/28/2013","G:13058","","","North.Reading - 213 - 2/28/2013","","","","","","","Applies to Invoice: G:12549","300.98","0.00","0.00","12.04","0.00","313.02","0.00","0.00"
"10715","PAY","B","Norton","(318.02)","02/28/2013","G:13063","","","Norton - 218 - 2/28/2013","","","","","","","Applies to Invoice: G:12745","305.79","0.00","0.00","12.23","0.00","318.02","0.00","0.00"
"10716","PAY","B","Orange","(323.02)","02/28/2013","G:13068","","","Orange - 223 - 2/28/2013","","","","","","","Applies to Invoice: G:12750","282.57","0.00","0.00","11.30","0.00","293.87","0.00","0.00","Applies to Invoice: G:13068","28.03","0.00","0.00","1.12","0.00","29.15","0.00","0.00"
"10717","PAY","B","Paxton","(328.02)","02/28/2013","G:13072","","","Paxton - 228 - 2/28/2013","","","","","","","Applies to Invoice: G:12754","315.40","0.00","0.00","12.62","0.00","328.02","0.00","0.00"
"10718","PAY","B","Peru","(333.02)","02/28/2013","G:13077","","","Peru - 233 - 2/28/2013","","","","","","","Applies to Invoice: G:12759","199.67","0.00","0.00","7.99","0.00","207.66","0.00","0.00","Applies to Invoice: G:13077","120.54","0.00","0.00","4.82","0.00","125.36","0.00","0.00"
"10719","PAY","B","Plainville","(338.02)","02/28/2013","G:13082","","","Plainville - 238 - 2/28/2013","","","","","","","Applies to Invoice: G:12764","325.02","0.00","0.00","13.00","0.00","338.02","0.00","0.00"
"10720","PAY","B","Quincy","(343.02)","02/28/2013","G:13087","","","Quincy - 243 - 2/28/2013","","","","","","","Applies to Invoice: G:12769","123.64","0.00","0.00","4.95","0.00","128.59","0.00","0.00","Applies to Invoice: G:13087","206.18","0.00","0.00","8.25","0.00","214.43","0.00","0.00"
"10721","PAY","B","Revere","(348.02)","02/28/2013","G:13092","","","Revere - 248 - 2/28/2013","","","","","","","Applies to Invoice: G:13092","334.63","0.00","0.00","13.39","0.00","348.02","0.00","0.00"
"10722","PAY","B","Rowe","(353.02)","02/28/2013","G:13096","","","Rowe - 253 - 2/28/2013","","","","","","","Applies to Invoice: G:12778","339.44","0.00","0.00","13.58","0.00","353.02","0.00","0.00"
"10723","PAY","B","Salem","(358.02)","02/28/2013","G:13101","","","Salem - 258 - 2/28/2013","","","","","","","Applies to Invoice: G:12783","344.25","0.00","0.00","13.77","0.00","358.02","0.00","0.00"
"10724","PAY","B","Savoy","(363.02)","02/28/2013","G:13106","","","Savoy - 263 - 2/28/2013","","","","","","","Applies to Invoice: G:13106","349.06","0.00","0.00","13.96","0.00","363.02","0.00","0.00"
"10725","PAY","B","Shelburne","(368.02)","02/28/2013","G:13111","","","Shelburne - 268 - 2/28/2013","","","","","","","Applies to Invoice: G:12793","353.87","0.00","0.00","14.15","0.00","368.02","0.00","0.00"
"10726","PAY","B","Somerset","(373.02)","02/28/2013","G:13116","","","Somerset - 273 - 2/28/2013","","","","","","","Applies to Invoice: G:12798","358.67","0.00","0.00","14.35","0.00","373.02","0.00","0.00"
"10727","PAY","B","Southbridge","(378.02)","02/28/2013","G:13120","","","Southbridge - 278 - 2/28/2013","","","","","","","Applies to Invoice: G:12802","363.48","0.00","0.00","14.54","0.00","378.02","0.00","0.00"
"10728","PAY","B","Stockbridge","(383.02)","02/28/2013","G:13125","","","Stockbridge - 283 - 2/28/2013","","","","","","","Applies to Invoice: G:12807","368.29","0.00","0.00","14.73","0.00","383.02","0.00","0.00"
"10729","PAY","B","Sudbury","(388.02)","02/28/2013","G:13130","","","Sudbury - 288 - 2/28/2013","","","","","","Applies to Suspense: 28.31","Applies to Invoice: G:12812","224.58","0.00","0.00","8.98","0.00","233.56","0.00","0.00","Applies to Invoice: G:13130","121.30","0.00","0.00","4.85","0.00","126.15","0.00","0.00"
"10730","PAY","B","Taunton","(393.02)","02/28/2013","G:13135","","","Taunton - 293 - 2/28/2013","","","","","","","Applies to Invoice: G:12817","377.91","0.00","0.00","15.11","0.00","393.02","0.00","0.00"
"10731","PAY","B","Topsfield","(398.02)","02/28/2013","G:13140","","","Topsfield - 298 - 2/28/2013","","","","","","","Applies to Invoice: G:12822","121.42","0.00","0.00","4.86","0.00","126.28","0.00","0.00","Applies to Invoice: G:13140","261.29","0.00","0.00","10.45","0.00","271.74","0.00","0.00"
"10732","PAY","B","Upton","(403.02)","02/28/2013","G:13144","","","Upton - 303 - 2/28/2013","","","","","","","Applies to Invoice: G:13144","387.52","0.00","0.00","15.50","0.00","403.02","0.00","0.00"
"10733","PAY","","Waltham","(408.02)","02/28/2013","","","","Waltham - 308 - 2/28/2013","","","","","","","Applies to Invoice: G:12831","392.33","0.00","0.00","15.69","0.00","408.02","0.00","0.00"
"10734","PAY","B","Washington","(413.02)","02/28/2013","G:13153","","","Washington - 313 - 2/28/2013","","","","","","","Applies to Invoice: G:12836","397.13","0.00","0.00","15.89","0.00","413.02","0.00","0.00"
"10735","PAY","B","Wellfleet","(418.02)","02/28/2013","G:13158","","","Wellfleet - 318 - 2/28/2013","","","","","","","Applies to Invoice: G:13158","401.94","0.00","0.00","16.08","0.00","418.02","0.00","0.00"
"10736","PAY","B","West.Boylston","(421.02)","02/28/2013","G:13161","","","West.Boylston - 321 - 2/28/2013","","","","","","Applies to Suspense: 257.29","Applies to Invoice: G:13161","157.44","0.00","0.00","6.29","0.00","163.73","0.00","0.00"
"10737","PAY","B","West.Bridgewater","(422.02)","02/28/2013","G:13162","","","West.Bridgewater - 322 - 2/28/2013","","","","","","Applies to Suspense: 422.02"
"10738","PAY","B","West.Brookfield","(423.02)","02/28/2013","G:13163","","","West.Brookfield - 323 - 2/28/2013","","","","","","","Applies to Invoice: G:12846","406.75","0.00","0.00","16.27","0.00","423.02","0.00","0.00"
"10739","PAY","B","Westborough","(428.02)","02/28/2013","G:13167","","","Westborough - 328 - 2/28/2013","","","","","","","Applies to Invoice: G:12850","411.56","0.00","0.00","16.46","0.00","428.02","0.00","0.00"
"10740","PAY","B","Weston","(433.02)","02/28/2013","G:13172","","","Weston - 333 - 2/28/2013","","","","","","","Applies to Invoice: G:12855","416.36","0.00","0.00","16.66","0.00","433.02","0.00","0.00"
"10741","PAY","B","Whitman","(438.02)","02/28/2013","I:206","","","Whitman - 338 - 2/28/2013","","","","","","","Applies to Invoice: G:12860","421.17","0.00","0.00","16.85","0.00","438.02","0.00","0.00"
"10742","PAY","B","Winchendon","(443.02)","02/28/2013","I:211","","","Winchendon - 343 - 2/28/2013","","","","","","Applies to Suspense: 209.57","Applies to Invoice: G:12865","224.47","0.00","0.00","8.98","0.00","233.45","0.00","0.00"
"10743","PAY","B","Worcester","(448.02)","02/28/2013","G:13177","","","Worcester - 348 - 2/28/2013","","","","","","","Applies to Invoice: G:12870","430.79","0.00","0.00","17.23","0.00","448.02","0.00","0.00"
"10745","PAY","B","East.Brookfield","(11.02)","02/28/2013","G:12939","","","Transferred payment","","","","","","Applies to Suspense: 6.70","Applies to Invoice: G:12939","0.00","0.00","4.32","0.00","0.00","0.00","0.00","4.32"
"10747","PAY","B","North.Andover","(12.02)","02/28/2013","G:13055","","","Transferred payment","","","","","","","Applies to Invoice: G:13055","11.56","0.00","0.00","0.46","0.00","12.02","0.00","0.00"
"10749","PAY","B","West.Bridgewater","(13.02)","02/28/2013","G:13162","","","Transferred payment","","","","","","","Applies to Invoice: G:13162","12.52","0.00","0.00","0.50","0.00","13.02","0.00","0.00"
"10798","PAY","B","Hadley","(31.02)","02/28/2013","G:12964","pay-1-2","","bds-pay: Hadley - 2/28/2013 . Check No. pay-1-2","","","","","","","Applies to Invoice: G:12457","29.83","0.00","0.00","1.19","0.00","31.02","0.00","0.00"
"10799","PAY","B","Halifax","(32.02)","02/28/2013","G:12965","pay-2-2","","bds-pay: Halifax - 2/28/2013 . Check No. pay-2-2","","","","","","","Applies to Invoice: G:12458","30.79","0.00","0.00","1.23","0.00","32.02","0.00","0.00"
"10801","PAY","B","Agawam","(6.87)","03/27/2013","G:12877","","","Payment from account","","","","","Funds Account :Default.","","Applies to Invoice: G:12877","0.00","0.00","6.87","0.00","0.00","0.00","0.00","6.87"
"10806","PAY","B","Barre","(0.18)","03/27/2013","G:12892","","","Payment from account","","","","","Funds Account :Default.","","Applies to Invoice: G:12892","0.00","0.00","0.18","0.00","0.00","0.00","0.00","0.18"
"10811","PAY","B","Cummington","(2.50)","03/27/2013","G:12929","","","Payment from account","","","","","Funds Account :Default.","","Applies to Invoice: G:12929","0.00","0.00","2.50","0.00","0.00","0.00","0.00","2.50"
"10814","PAY","B","East.Longmeadow","(0.52)","03/27/2013","G:12940","","","Payment from account","","","","","Funds Account :Default.","","Applies to Invoice: G:12940","0.00","0.00","0.52","0.00","0.00","0.00","0.00","0.52"
"10820","PAY","B","Granville","(0.90)","03/27/2013","G:12959","","","Payment from account","","","","","Funds Account :Default.","","Applies to Invoice: G:12959","0.00","0.00","0.90","0.00","0.00","0.00","0.00","0.90"
"10826","PAY","B","Holyoke","(23.06)","03/27/2013","G:12984","","","Payment from account","","","","","Funds Account :Default.","","Applies to Invoice: G:12984","20.48","0.00","1.76","0.82","0.00","21.30","0.00","1.76"
"10828","PAY","B","Huntington","(0.09)","03/27/2013","G:12990","","","Payment from account","","","","","Funds Account :Default.","","Applies to Invoice: G:12990","0.00","0.00","0.09","0.00","0.00","0.00","0.00","0.09"
"10830","PAY","B","Leverett","(0.10)","03/27/2013","G:13000","","","Payment from account","","","","","Funds Account :Default.","","Applies to Invoice: G:13000","0.00","0.00","0.10","0.00","0.00","0.00","0.00","0.10"
"10832","PAY","B","Ludlow","(3.07)","03/27/2013","G:13007","","","Payment from account","","","","","Funds Account :Default.","","Applies to Invoice: G:13007","0.00","0.00","3.07","0.00","0.00","0.00","0.00","3.07"
"10834","PAY","B","Monson","(22.21)","03/27/2013","G:13037","","","Payment from account","","","","","Funds Account :Default.","","Applies to Invoice: G:13037","18.92","0.00","2.53","0.76","0.00","19.68","0.00","2.53"
"10839","PAY","B","Russell","(25.02)","03/27/2013","G:13099","","","Payment from account","","","","","Funds Account :Default.","","Applies to Invoice: G:13099","24.06","0.00","0.00","0.96","0.00","25.02","0.00","0.00"
"10852","PAY","B","West.Bridgewater","(25.02)","03/27/2013","G:13162","","","Payment from account","","","","","Funds Account :Default.","","Applies to Invoice: G:13162","24.06","0.00","0.00","0.96","0.00","25.02","0.00","0.00"
"10854","PAY","B","West.Tisbury","(422.02)","03/27/2013","G:13166","","","Payment from account","","","","","Funds Account :Default.","","Applies to Invoice: G:13166","405.79","0.00","0.00","16.23","0.00","422.02","0.00","0.00"
"10856","PAY","B","Springfield","(25.01)","03/27/2013","G:13123","","","Payment from account","","","","","Funds Account :Default.","","Applies to Invoice: G:13123","24.05","0.00","0.00","0.96","0.00","25.01","0.00","0.00"
"10860","PAY","B","Adams","(6.76)","03/27/2013","G:12876","","","Payment from account","","","","","Funds Account :Default.","","Applies to Invoice: G:12876","0.00","0.00","6.76","0.00","0.00","0.00","0.00","6.76"
"10869","PAY","B","Lanesborough","(25.02)","03/27/2013","G:12995","","","Payment from account","","","","","Funds Account :Default.","","Applies to Invoice: G:12995","24.02","0.00","0.04","0.96","0.00","24.98","0.00","0.04"
"10874","PAY","B","New Marlborough","(23.82)","03/27/2013","G:13048","","","Payment from account","","","","","Funds Account :Default.","","Applies to Invoice: G:13048","22.90","0.00","0.00","0.92","0.00","23.82","0.00","0.00"
"10880","PAY","B","North.Reading","(68.01)","03/27/2013","G:13058","","","Payment from account","","","","","Funds Account :Default.","","Applies to Invoice: G:13058","65.39","0.00","0.00","2.62","0.00","68.01","0.00","0.00"
"10883","PAY","B","Clarksburg","(3.19)","03/27/2013","G:12924","","","Payment from account","","","","","Funds Account :Default.","","Applies to Invoice: G:12924","0.00","0.00","3.19","0.00","0.00","0.00","0.00","3.19"
"10887","PAY","B","Savoy","(25.01)","03/27/2013","G:13106","","","Payment from account","","","","","Funds Account :Default.","","Applies to Invoice: G:13106","24.05","0.00","0.00","0.96","0.00","25.01","0.00","0.00"
"10896","PAY","B","Athol","(1.71)","03/27/2013","G:12888","","","Payment from account","","","","","Funds Account :Default.","","Applies to Invoice: G:12888","0.00","0.00","1.71","0.00","0.00","0.00","0.00","1.71"
"10906","PAY","B","Heath","(25.02)","03/27/2013","G:12977","","","Payment from account","","","","","Funds Account :Default.","","Applies to Invoice: G:12977","20.49","0.00","3.71","0.82","0.00","21.31","0.00","3.71"
"10908","PAY","B","Monroe","(25.02)","03/27/2013","G:13036","","","Payment from account","","","","","Funds Account :Default.","","Applies to Invoice: G:13036","22.82","0.00","1.29","0.91","0.00","23.73","0.00","1.29"
"10911","PAY","B","Gill","(3.07)","03/27/2013","G:12954","","","Payment from account","","","","","Funds Account :Default.","","Applies to Invoice: G:12954","0.00","0.00","3.07","0.00","0.00","0.00","0.00","3.07"
"10918","PAY","B","Shelburne","(25.02)","03/27/2013","G:13111","","","Payment from account","","","","","Funds Account :Default.","","Applies to Invoice: G:13111","24.06","0.00","0.00","0.96","0.00","25.02","0.00","0.00"
"10928","PAY","B","Harvard","(25.01)","03/27/2013","G:12972","","","Payment from account","","","","","Funds Account :Default.","","Applies to Invoice: G:12972","24.05","0.00","0.00","0.96","0.00","25.01","0.00","0.00"
"10934","PAY","B","Pepperell","(25.02)","03/27/2013","G:13076","","","Payment from account","","","","","Funds Account :Default.","","Applies to Invoice: G:13076","24.06","0.00","0.00","0.96","0.00","25.02","0.00","0.00"
"10939","PAY","B","Berlin","(3.13)","03/27/2013","G:12896","","","Payment from account","","","","","Funds Account :Default.","","Applies to Invoice: G:12896","0.00","0.00","3.13","0.00","0.00","0.00","0.00","3.13"
"10942","PAY","B","Boylston","(3.68)","03/27/2013","G:12904","","","Payment from account","","","","","Funds Account :Default.","","Applies to Invoice: G:12904","0.00","0.00","3.68","0.00","0.00","0.00","0.00","3.68"
"10944","PAY","B","Brookfield","(0.90)","03/27/2013","G:12909","","","Payment from account","","","","","Funds Account :Default.","","Applies to Invoice: G:12909","0.00","0.00","0.90","0.00","0.00","0.00","0.00","0.90"
"10954","PAY","B","New Braintree","(25.02)","03/27/2013","G:13047","","","Payment from account","","","","","Funds Account :Default.","","Applies to Invoice: G:13047","24.06","0.00","0.00","0.96","0.00","25.02","0.00","0.00"
"10956","PAY","B","Northborough","(25.01)","03/27/2013","G:13060","","","Payment from account","","","","","Funds Account :Default.","","Applies to Invoice: G:13060","24.05","0.00","0.00","0.96","0.00","25.01","0.00","0.00"
"10959","PAY","B","Oxford","(25.02)","03/27/2013","G:13070","","","Payment from account","","","","","Funds Account :Default.","","Applies to Invoice: G:13070","24.06","0.00","0.00","0.96","0.00","25.02","0.00","0.00"
"10964","PAY","B","Spencer","(25.02)","03/27/2013","G:13122","","","Payment from account","","","","","Funds Account :Default.","","Applies to Invoice: G:13122","24.06","0.00","0.00","0.96","0.00","25.02","0.00","0.00"
"10968","PAY","B","Webster","(25.02)","03/27/2013","G:13156","","","Payment from account","","","","","Funds Account :Default.","","Applies to Invoice: G:13156","24.06","0.00","0.00","0.96","0.00","25.02","0.00","0.00"
"10971","PAY","B","Westborough","(25.02)","03/27/2013","G:13167","","","Payment from account","","","","","Funds Account :Default.","","Applies to Invoice: G:13167","24.06","0.00","0.00","0.96","0.00","25.02","0.00","0.00"
"10978","PAY","B","Acton","(3.13)","03/27/2013","G:12874","","","Payment from account","","","","","Funds Account :Default.","","Applies to Invoice: G:12874","0.00","0.00","3.13","0.00","0.00","0.00","0.00","3.13"
"10983","PAY","B","Carlisle","(3.54)","03/27/2013","G:12914","","","Payment from account","","","","","Funds Account :Default.","","Applies to Invoice: G:12914","0.00","0.00","3.54","0.00","0.00","0.00","0.00","3.54"
"10986","PAY","B","Holliston","(25.02)","03/27/2013","G:12983","","","Payment from account","","","","","Funds Account :Default.","","Applies to Invoice: G:12983","21.62","0.00","2.53","0.87","0.00","22.49","0.00","2.53"
"10993","PAY","B","Mendon","(24.74)","03/27/2013","G:13025","","","Payment from account","","","","","Funds Account :Default.","","Applies to Invoice: G:13025","23.56","0.00","0.24","0.94","0.00","24.50","0.00","0.24"
"10995","PAY","B","Milford","(20.90)","03/27/2013","G:13031","","","Payment from account","","","","","Funds Account :Default.","","Applies to Invoice: G:13031","16.53","0.00","3.71","0.66","0.00","17.19","0.00","3.71"
"11006","PAY","B","Dunstable","(3.23)","03/27/2013","G:12937","","","Payment from account","","","","","Funds Account :Default.","","Applies to Invoice: G:12937","0.00","0.00","3.23","0.00","0.00","0.00","0.00","3.23"
"11011","PAY","B","Lowell","(25.02)","03/27/2013","G:13006","","","Payment from account","","","","","Funds Account :Default.","","Applies to Invoice: G:13006","24.06","0.00","0.00","0.96","0.00","25.02","0.00","0.00"
"11019","PAY","B","Saugus","(25.02)","03/27/2013","G:13105","","","Payment from account","","","","","Funds Account :Default.","","Applies to Invoice: G:13105","24.06","0.00","0.00","0.96","0.00","25.02","0.00","0.00"
"11022","PAY","B","Nahant","(25.02)","03/27/2013","G:13042","","","Payment from account","","","","","Funds Account :Default.","","Applies to Invoice: G:13042","24.06","0.00","0.00","0.96","0.00","25.02","0.00","0.00"
"11027","PAY","B","Hamilton","(21.50)","03/27/2013","G:12966","","","Payment from account","","","","","Funds Account :Default.","","Applies to Invoice: G:12966","17.62","0.00","3.17","0.71","0.00","18.33","0.00","3.17"
"11031","PAY","B","Manchester-by-the-Sea","(25.02)","03/27/2013","G:13012","","","Payment from account","","","","","Funds Account :Default.","","Applies to Invoice: G:13012","23.60","0.00","0.48","0.94","0.00","24.54","0.00","0.48"
"11034","PAY","B","Middleton","(25.02)","03/27/2013","G:13030","","","Payment from account","","","","","Funds Account :Default.","","Applies to Invoice: G:13030","21.84","0.00","2.31","0.87","0.00","22.71","0.00","2.31"
"11043","PAY","B","Topsfield","(25.02)","03/27/2013","G:13140","","","Payment from account","","","","","Funds Account :Default.","","Applies to Invoice: G:13140","24.06","0.00","0.00","0.96","0.00","25.02","0.00","0.00"
"11052","PAY","B","Hingham","(25.01)","03/27/2013","G:12978","","","Payment from account","","","","","Funds Account :Default.","","Applies to Invoice: G:12978","24.05","0.00","0.00","0.96","0.00","25.01","0.00","0.00"
"11054","PAY","B","Hull","(25.02)","03/27/2013","G:12989","","","Payment from account","","","","","Funds Account :Default.","","Applies to Invoice: G:12989","24.06","0.00","0.00","0.96","0.00","25.02","0.00","0.00"
"11056","PAY","B","Mansfield","(24.02)","03/27/2013","G:13013","","","Payment from account","","","","","Funds Account :Default.","","Applies to Invoice: G:13013","22.23","0.00","0.90","0.89","0.00","23.12","0.00","0.90"
"11062","PAY","B","Norfolk","(25.02)","03/27/2013","G:13053","","","Payment from account","","","","","Funds Account :Default.","","Applies to Invoice: G:13053","24.06","0.00","0.00","0.96","0.00","25.02","0.00","0.00"
"11070","PAY","B","Chelsea","(0.71)","03/27/2013","G:12919","","","Payment from account","","","","","Funds Account :Default.","","Applies to Invoice: G:12919","0.00","0.00","0.71","0.00","0.00","0.00","0.00","0.71"
"11075","PAY","B","Melrose","(25.02)","03/27/2013","G:13024","","","Payment from account","","","","","Funds Account :Default.","","Applies to Invoice: G:13024","24.06","0.00","0.00","0.96","0.00","25.02","0.00","0.00"
"11085","PAY","B","Halifax","(25.02)","03/27/2013","G:12965","","","Payment from account","","","","","Funds Account :Default.","","Applies to Invoice: G:12965","21.69","0.00","2.46","0.87","0.00","22.56","0.00","2.46"
"11092","PAY","B","Abington","(1.99)","03/27/2013","G:12873","","","Payment from account","","","","","Funds Account :Default.","","Applies to Invoice: G:12873","0.00","0.00","1.99","0.00","0.00","0.00","0.00","1.99"
"11097","PAY","B","Randolph","(25.02)","03/27/2013","G:13088","","","Payment from account","","","","","Funds Account :Default.","","Applies to Invoice: G:13088","24.06","0.00","0.00","0.96","0.00","25.02","0.00","0.00"
"11100","PAY","B","Lexington","(23.44)","03/27/2013","G:13001","","","Payment from account","","","","","Funds Account :Default.","","Applies to Invoice: G:13001","21.17","0.00","1.42","0.85","0.00","22.02","0.00","1.42"
"11105","PAY","B","Arlington","(4.56)","03/27/2013","G:12883","","","Payment from account","","","","","Funds Account :Default.","","Applies to Invoice: G:12883","0.00","0.00","4.56","0.00","0.00","0.00","0.00","4.56"
"11114","PAY","B","Nantucket","(25.01)","03/27/2013","G:13043","","","Payment from account","","","","","Funds Account :Default.","","Applies to Invoice: G:13043","24.05","0.00","0.00","0.96","0.00","25.01","0.00","0.00"
"11119","PAY","B","Wareham","(25.02)","03/27/2013","G:13150","","","Payment from account","","","","","Funds Account :Default.","","Applies to Invoice: G:13150","24.06","0.00","0.00","0.96","0.00","25.02","0.00","0.00"
"11124","PAY","B","Mashpee","(3.08)","03/27/2013","G:13018","","","Payment from account","","","","","Funds Account :Default.","","Applies to Invoice: G:13018","0.00","0.00","3.08","0.00","0.00","0.00","0.00","3.08"
"11130","PAY","B","Dighton","(4.70)","03/27/2013","G:12933","","","Payment from account","","","","","Funds Account :Default.","","Applies to Invoice: G:12933","0.00","0.00","4.70","0.00","0.00","0.00","0.00","4.70"
"11132","PAY","B","Fairhaven","(9.60)","03/27/2013","G:12946","","","Payment from account","","","","","Funds Account :Default.","","Applies to Invoice: G:12946","0.00","0.00","9.60","0.00","0.00","0.00","0.00","9.60"
"11137","PAY","B","Mattapoisett","(21.09)","03/27/2013","G:13019","","","Payment from account","","","","","Funds Account :Default.","","Applies to Invoice: G:13019","0.00","0.00","21.09","0.00","0.00","0.00","0.00","21.09"
"11140","PAY","B","Acushnet","(4.51)","03/27/2013","G:12875","","","Payment from account","","","","","Funds Account :Default.","","Applies to Invoice: G:12875","0.00","0.00","4.51","0.00","0.00","0.00","0.00","4.51"
"11145","PAY","B","Rochester","(25.02)","03/27/2013","G:13093","","","Payment from account","","","","","Funds Account :Default.","","Applies to Invoice: G:13093","24.06","0.00","0.00","0.96","0.00","25.02","0.00","0.00"
"11148","PAY","B","Swansea","(25.02)","03/27/2013","G:13134","","","Payment from account","","","","","Funds Account :Default.","","Applies to Invoice: G:13134","24.06","0.00","0.00","0.96","0.00","25.02","0.00","0.00"
"11150","PAY","B","Westport","(25.02)","03/27/2013","G:13173","","","Payment from account","","","","","Funds Account :Default.","","Applies to Invoice: G:13173","24.06","0.00","0.00","0.96","0.00","25.02","0.00","0.00"
"11156","PAY","","Abington","(101.03)","03/28/2013","","","","Abington - 1 - 3/28/2013","","","","","","","Applies to Invoice: G:12555","97.14","0.00","0.00","3.89","0.00","101.03","0.00","0.00"
"11157","PAY","","Acton","(102.03)","03/28/2013","","","","Acton - 2 - 3/28/2013","","","","","","","Applies to Invoice: G:12556","64.22","0.00","0.00","2.57","0.00","66.79","0.00","0.00","Applies to Invoice: G:12346","33.88","0.00","0.00","1.36","0.00","35.24","0.00","0.00"
"11158","PAY","","Acushnet","(103.03)","03/28/2013","","","","Acushnet - 3 - 3/28/2013","","","","","","","Applies to Invoice: G:12347","99.07","0.00","0.00","3.96","0.00","103.03","0.00","0.00"
"11159","PAY","","Adams","(104.03)","03/28/2013","","","","Adams - 4 - 3/28/2013","","","","","","","Applies to Invoice: G:12348","100.03","0.00","0.00","4.00","0.00","104.03","0.00","0.00"
"11160","PAY","","Agawam","(105.03)","03/28/2013","","","","Agawam - 5 - 3/28/2013","","","","","","","Applies to Invoice: G:12349","100.99","0.00","0.00","4.04","0.00","105.03","0.00","0.00"
"11161","PAY","","Amesbury","(107.03)","03/28/2013","","","","Amesbury - 7 - 3/28/2013","","","","","","","Applies to Invoice: G:12351","102.91","0.00","0.00","4.12","0.00","107.03","0.00","0.00"
"11162","PAY","","Ashburnham","(112.03)","03/28/2013","","","","Ashburnham - 12 - 3/28/2013","","","","","","","Applies to Invoice: G:12356","107.72","0.00","0.00","4.31","0.00","112.03","0.00","0.00"
"11163","PAY","","Attleboro","(117.03)","03/28/2013","","","","Attleboro - 17 - 3/28/2013","","","","","","","Applies to Invoice: G:12571","112.53","0.00","0.00","4.50","0.00","117.03","0.00","0.00"
"11164","PAY","","Barre","(122.03)","03/28/2013","","","","Barre - 22 - 3/28/2013","","","","","","Applies to Suspense: 75.01","Applies to Invoice: G:12576","0.00","0.00","0.20","0.00","0.00","0.00","0.00","0.20","Applies to Invoice: G:12366","45.02","0.00","0.00","1.80","0.00","46.82","0.00","0.00"
"11165","PAY","","Belmont","(127.03)","03/28/2013","","","","Belmont - 27 - 3/28/2013","","","","","","","Applies to Invoice: G:12370","122.14","0.00","0.00","4.89","0.00","127.03","0.00","0.00"
"11166","PAY","","Billerica","(132.03)","03/28/2013","","","","Billerica - 32 - 3/28/2013","","","","","","","Applies to Invoice: G:12586","126.95","0.00","0.00","5.08","0.00","132.03","0.00","0.00"
"11167","PAY","","Bourne","(137.03)","03/28/2013","","","","Bourne - 37 - 3/28/2013","","","","","","","Applies to Invoice: G:12380","131.76","0.00","0.00","5.27","0.00","137.03","0.00","0.00"
"11168","PAY","","Brewster","(142.03)","03/28/2013","","","","Brewster - 42 - 3/28/2013","","","","","","","Applies to Invoice: G:12385","136.57","0.00","0.00","5.46","0.00","142.03","0.00","0.00"
"11169","PAY","","Brookline","(147.03)","03/28/2013","","","","Brookline - 47 - 3/28/2013","","","","","","","Applies to Invoice: G:12390","141.38","0.00","0.00","5.65","0.00","147.03","0.00","0.00"
"11170","PAY","","Carlisle","(152.03)","03/28/2013","","","","Carlisle - 52 - 3/28/2013","","","","","","","Applies to Invoice: G:12394","146.18","0.00","0.00","5.85","0.00","152.03","0.00","0.00"
"11171","PAY","","Chelmsford","(157.03)","03/28/2013","","","","Chelmsford - 57 - 3/28/2013","","","","","","","Applies to Invoice: G:12399","150.99","0.00","0.00","6.04","0.00","157.03","0.00","0.00"
"11172","PAY","","Chicopee","(162.03)","03/28/2013","","","","Chicopee - 62 - 3/28/2013","","","","","","","Applies to Invoice: G:12404","155.80","0.00","0.00","6.23","0.00","162.03","0.00","0.00"
"11173","PAY","","Colrain","(167.03)","03/28/2013","","","","Colrain - 67 - 3/28/2013","","","","","","","Applies to Invoice: G:12621","33.99","0.00","0.56","1.36","0.00","35.35","0.00","0.56","Applies to Invoice: G:12409","126.08","0.00","0.00","5.04","0.00","131.12","0.00","0.00"
"11174","PAY","","Danvers","(172.03)","03/28/2013","","","","Danvers - 72 - 3/28/2013","","","","","","","Applies to Invoice: G:12626","165.41","0.00","0.00","6.62","0.00","172.03","0.00","0.00"
"11175","PAY","","Dighton","(177.03)","03/28/2013","","","","Dighton - 77 - 3/28/2013","","","","","","","Applies to Invoice: G:12418","170.22","0.00","0.00","6.81","0.00","177.03","0.00","0.00"
"11176","PAY","","Dunstable","(182.03)","03/28/2013","","","","Dunstable - 82 - 3/28/2013","","","","","","","Applies to Invoice: G:12423","175.03","0.00","0.00","7.00","0.00","182.03","0.00","0.00"
"11177","PAY","","East.Bridgewater","(184.03)","03/28/2013","","","","East.Bridgewater - 84 - 3/28/2013","","","","","","Applies to Suspense: 184.03"
"11178","PAY","","East.Brookfield","(185.03)","03/28/2013","","","","East.Brookfield - 85 - 3/28/2013","","","","","","Applies to Suspense: 185.03"
"11179","PAY","","Eastham","(187.03)","03/28/2013","","","","Eastham - 87 - 3/28/2013","","","","","","","Applies to Invoice: G:12641","179.84","0.00","0.00","7.19","0.00","187.03","0.00","0.00"
"11180","PAY","","Erving","(192.03)","03/28/2013","","","","Erving - 92 - 3/28/2013","","","","","","","Applies to Invoice: G:12433","184.65","0.00","0.00","7.38","0.00","192.03","0.00","0.00"
"11181","PAY","","Falmouth","(197.03)","03/28/2013","","","","Falmouth - 97 - 3/28/2013","","","","","","","Applies to Invoice: G:12438","189.45","0.00","0.00","7.58","0.00","197.03","0.00","0.00"
"11182","PAY","","Franklin","(202.03)","03/28/2013","","","","Franklin - 102 - 3/28/2013","","","","","","","Applies to Invoice: G:12442","194.26","0.00","0.00","7.77","0.00","202.03","0.00","0.00"
"11183","PAY","","Gloucester","(207.03)","03/28/2013","","","","Gloucester - 107 - 3/28/2013","","","","","","","Applies to Invoice: G:12447","199.07","0.00","0.00","7.96","0.00","207.03","0.00","0.00"
"11184","PAY","","Granville","(212.03)","03/28/2013","","","","Granville - 112 - 3/28/2013","","","","","","","Applies to Invoice: G:12452","203.87","0.00","0.00","8.16","0.00","212.03","0.00","0.00"
"11185","PAY","","Hadley","(217.03)","03/28/2013","","","","Hadley - 117 - 3/28/2013","","","","","","","Applies to Invoice: G:12457","208.68","0.00","0.00","8.35","0.00","217.03","0.00","0.00"
"11186","PAY","","Hanover","(222.03)","03/28/2013","","","","Hanover - 122 - 3/28/2013","","","","","","","Applies to Invoice: G:12969","86.45","0.00","0.50","3.46","0.00","89.91","0.00","0.50","Applies to Invoice: G:12674","0.00","0.00","0.56","0.00","0.00","0.00","0.00","0.56","Applies to Invoice: G:12462","126.02","0.00","0.00","5.04","0.00","131.06","0.00","0.00"
"11187","PAY","","Hatfield","(227.03)","03/28/2013","","","","Hatfield - 127 - 3/28/2013","","","","","","Applies to Suspense: 227.03"
"11188","PAY","","Hinsdale","(232.03)","03/28/2013","","","","Hinsdale - 132 - 3/28/2013","","","","","","","Applies to Invoice: G:12471","223.11","0.00","0.00","8.92","0.00","232.03","0.00","0.00"
"11189","PAY","","Holyoke","(237.03)","03/28/2013","","","","Holyoke - 137 - 3/28/2013","","","","","","","Applies to Invoice: G:12476","227.91","0.00","0.00","9.12","0.00","237.03","0.00","0.00"
"11190","PAY","","Hull","(242.03)","03/28/2013","","","","Hull - 142 - 3/28/2013","","","","","","","Applies to Invoice: G:12989","232.72","0.00","0.00","9.31","0.00","242.03","0.00","0.00"
"11191","PAY","","Lancaster","(247.03)","03/28/2013","","","","Lancaster - 147 - 3/28/2013","","","","","","","Applies to Invoice: G:12486","237.53","0.00","0.00","9.50","0.00","247.03","0.00","0.00"
"11192","PAY","","Lenox","(252.03)","03/28/2013","","","","Lenox - 152 - 3/28/2013","","","","","","","Applies to Invoice: G:12490","242.34","0.00","0.00","9.69","0.00","252.03","0.00","0.00"
"11193","PAY","","Lincoln","(257.03)","03/28/2013","","","","Lincoln - 157 - 3/28/2013","","","","","","","Applies to Invoice: G:12495","247.14","0.00","0.00","9.89","0.00","257.03","0.00","0.00"
"11194","PAY","","Lunenburg","(262.03)","03/28/2013","","","","Lunenburg - 162 - 3/28/2013","","","","","","","Applies to Invoice: G:12500","251.95","0.00","0.00","10.08","0.00","262.03","0.00","0.00"
"11195","PAY","","Mansfield","(267.03)","03/28/2013","","","","Mansfield - 167 - 3/28/2013","","","","","","","Applies to Invoice: G:13013","32.21","0.00","0.00","1.29","0.00","33.50","0.00","0.00","Applies to Invoice: G:12505","224.55","0.00","0.00","8.98","0.00","233.53","0.00","0.00"
"11196","PAY","","Mashpee","(272.03)","03/28/2013","","","","Mashpee - 172 - 3/28/2013","","","","","","","Applies to Invoice: G:12510","261.57","0.00","0.00","10.46","0.00","272.03","0.00","0.00"
"11197","PAY","","Medway","(277.03)","03/28/2013","","","","Medway - 177 - 3/28/2013","","","","","","","Applies to Invoice: G:13023","143.99","0.00","0.48","5.76","0.00","149.75","0.00","0.48","Applies to Invoice: G:12716","0.00","0.00","0.54","0.00","0.00","0.00","0.00","0.54","Applies to Invoice: G:12514","121.40","0.00","0.00","4.86","0.00","126.26","0.00","0.00"
"11198","PAY","","Middleborough","(282.03)","03/28/2013","","","","Middleborough - 182 - 3/28/2013","","","","","","","Applies to Invoice: G:13028","271.18","0.00","0.00","10.85","0.00","282.03","0.00","0.00"
"11199","PAY","","Millis","(287.03)","03/28/2013","","","","Millis - 187 - 3/28/2013","","","","","","","Applies to Invoice: G:12524","275.99","0.00","0.00","11.04","0.00","287.03","0.00","0.00"
"11200","PAY","","Montague","(292.03)","03/28/2013","","","","Montague - 192 - 3/28/2013","","","","","","","Applies to Invoice: G:12529","280.80","0.00","0.00","11.23","0.00","292.03","0.00","0.00"
"11201","PAY","","Nantucket","(297.03)","03/28/2013","","","","Nantucket - 197 - 3/28/2013","","","","","","","Applies to Invoice: G:13043","285.60","0.00","0.00","11.43","0.00","297.03","0.00","0.00"
"11202","PAY","","New Braintree","(302.03)","03/28/2013","","","","New Braintree - 202 - 3/28/2013","","","","","","","Applies to Invoice: G:13047","290.41","0.00","0.00","11.62","0.00","302.03","0.00","0.00"
"11203","PAY","","Newton","(307.03)","03/28/2013","","","","Newton - 207 - 3/28/2013","","","","","","","Applies to Invoice: G:13052","295.22","0.00","0.00","11.81","0.00","307.03","0.00","0.00"
"11204","PAY","","North.Adams","(309.03)","03/28/2013","","","","North.Adams - 209 - 3/28/2013","","","","","","Applies to Suspense: 309.03"
"11205","PAY","","North.Andover","(310.03)","03/28/2013","","","","North.Andover - 210 - 3/28/2013","","","","","","Applies to Suspense: 310.03"
"11206","PAY","","North.Brookfield","(312.03)","03/28/2013","","","","North.Brookfield - 212 - 3/28/2013","","","","","","","Applies to Invoice: G:13057","300.03","0.00","0.00","12.00","0.00","312.03","0.00","0.00"
"11207","PAY","","Northfield","(317.03)","03/28/2013","","","","Northfield - 217 - 3/28/2013","","","","","","","Applies to Invoice: G:13062","304.84","0.00","0.00","12.19","0.00","317.03","0.00","0.00"
"11208","PAY","","Oakham","(322.03)","03/28/2013","","","","Oakham - 222 - 3/28/2013","","","","","","Applies to Suspense: 11.57","Applies to Invoice: G:12749","224.44","0.00","0.00","8.98","0.00","233.42","0.00","0.00","Applies to Invoice: G:13067","74.08","0.00","0.00","2.96","0.00","77.04","0.00","0.00"
"11209","PAY","","Palmer","(327.03)","03/28/2013","","","","Palmer - 227 - 3/28/2013","","","","","","","Applies to Invoice: G:12753","314.45","0.00","0.00","12.58","0.00","327.03","0.00","0.00"
"11210","PAY","","Pepperell","(332.03)","03/28/2013","","","","Pepperell - 232 - 3/28/2013","","","","","","","Applies to Invoice: G:13076","319.26","0.00","0.00","12.77","0.00","332.03","0.00","0.00"
"11211","PAY","","Plainfield","(337.03)","03/28/2013","","","","Plainfield - 237 - 3/28/2013","","","","","","","Applies to Invoice: G:13081","324.07","0.00","0.00","12.96","0.00","337.03","0.00","0.00"
"11212","PAY","","Provincetown","(342.03)","03/28/2013","","","","Provincetown - 242 - 3/28/2013","","","","","","","Applies to Invoice: G:12768","328.87","0.00","0.00","13.16","0.00","342.03","0.00","0.00"
"11213","PAY","","Rehoboth","(347.03)","03/28/2013","","","","Rehoboth - 247 - 3/28/2013","","","","","","","Applies to Invoice: G:13091","333.68","0.00","0.00","13.35","0.00","347.03","0.00","0.00"
"11214","PAY","","Rockport","(352.03)","03/28/2013","","","","Rockport - 252 - 3/28/2013","","","","","","","Applies to Invoice: G:13095","338.49","0.00","0.00","13.54","0.00","352.03","0.00","0.00"
"11215","PAY","","Rutland","(357.03)","03/28/2013","","","","Rutland - 257 - 3/28/2013","","","","","","","Applies to Invoice: G:12782","13.15","0.00","0.00","0.53","0.00","13.68","0.00","0.00","Applies to Invoice: G:13100","330.14","0.00","0.00","13.21","0.00","343.35","0.00","0.00"
"11216","PAY","","Saugus","(362.03)","03/28/2013","","","","Saugus - 262 - 3/28/2013","","","","","","","Applies to Invoice: G:13105","348.11","0.00","0.00","13.92","0.00","362.03","0.00","0.00"
"11217","PAY","","Sheffield","(367.03)","03/28/2013","","","","Sheffield - 267 - 3/28/2013","","","","","","","Applies to Invoice: G:12792","192.17","0.00","0.00","7.68","0.00","199.85","0.00","0.00","Applies to Invoice: G:13110","160.75","0.00","0.00","6.43","0.00","167.18","0.00","0.00"
"11218","PAY","","Shutesbury","(372.03)","03/28/2013","","","","Shutesbury - 272 - 3/28/2013","","","","","","","Applies to Invoice: G:12797","126.46","0.00","0.00","5.06","0.00","131.52","0.00","0.00","Applies to Invoice: G:13115","231.26","0.00","0.00","9.25","0.00","240.51","0.00","0.00"
"11219","PAY","","Southborough","(377.03)","03/28/2013","","","","Southborough - 277 - 3/28/2013","","","","","","","Applies to Invoice: G:12801","143.93","0.00","0.00","5.76","0.00","149.69","0.00","0.00","Applies to Invoice: G:13119","218.60","0.00","0.00","8.74","0.00","227.34","0.00","0.00"
"11220","PAY","","Sterling","(382.03)","03/28/2013","","","","Sterling - 282 - 3/28/2013","","","","","","","Applies to Invoice: G:12806","367.34","0.00","0.00","14.69","0.00","382.03","0.00","0.00"
"11221","PAY","","Sturbridge","(387.03)","03/28/2013","","","","Sturbridge - 287 - 3/28/2013","","","","","","","Applies to Invoice: G:13129","372.14","0.00","0.00","14.89","0.00","387.03","0.00","0.00"
"11222","PAY","","Swansea","(392.03)","03/28/2013","","","","Swansea - 292 - 3/28/2013","","","","","","","Applies to Invoice: G:13134","376.95","0.00","0.00","15.08","0.00","392.03","0.00","0.00"
"11223","PAY","","Tolland","(397.03)","03/28/2013","","","","Tolland - 297 - 3/28/2013","","","","","","","Applies to Invoice: G:12821","381.76","0.00","0.00","15.27","0.00","397.03","0.00","0.00"
"11224","PAY","","Tyringham","(402.03)","03/28/2013","","","","Tyringham - 302 - 3/28/2013","","","","","","","Applies to Invoice: G:13143","386.57","0.00","0.00","15.46","0.00","402.03","0.00","0.00"
"11225","PAY","","Walpole","(407.03)","03/28/2013","","","","Walpole - 307 - 3/28/2013","","","","","","Applies to Suspense: 407.03"
"11226","PAY","","Warwick","(412.03)","03/28/2013","","","","Warwick - 312 - 3/28/2013","","","","","","","Applies to Invoice: G:12835","66.20","0.00","0.00","2.65","0.00","68.85","0.00","0.00","Applies to Invoice: G:13152","329.98","0.00","0.00","13.20","0.00","343.18","0.00","0.00"
"11227","PAY","","Wellesley","(417.03)","03/28/2013","","","","Wellesley - 317 - 3/28/2013","","","","","","","Applies to Invoice: G:13157","400.99","0.00","0.00","16.04","0.00","417.03","0.00","0.00"
"11228","PAY","","West.Boylston","(421.03)","03/28/2013","","","","West.Boylston - 321 - 3/28/2013","","","","","","Applies to Suspense: 421.03"
"11229","PAY","","West.Bridgewater","(422.03)","03/28/2013","","","","West.Bridgewater - 322 - 3/28/2013","","","","","","Applies to Suspense: 422.03"
"11230","PAY","","West.Tisbury","(427.03)","03/28/2013","","","","West.Tisbury - 327 - 3/28/2013","","","","","","","Applies to Invoice: G:13166","410.61","0.00","0.00","16.42","0.00","427.03","0.00","0.00"
"11231","PAY","","Westminster","(432.03)","03/28/2013","","","","Westminster - 332 - 3/28/2013","","","","","","Applies to Suspense: 33.06","Applies to Invoice: G:12854","247.89","0.00","0.00","9.91","0.00","257.80","0.00","0.00","Applies to Invoice: G:13171","135.74","0.00","0.00","5.43","0.00","141.17","0.00","0.00"
"11232","PAY","","Whately","(437.03)","03/28/2013","","","","Whately - 337 - 3/28/2013","","","","","","Applies to Suspense: 121.27","Applies to Invoice: G:12859","303.62","0.00","0.00","12.14","0.00","315.76","0.00","0.00"
"11233","PAY","","Wilmington","(442.03)","03/28/2013","","","","Wilmington - 342 - 3/28/2013","","","","","","Applies to Suspense: 315.96","Applies to Invoice: G:12864","121.22","0.00","0.00","4.85","0.00","126.07","0.00","0.00"
"11234","PAY","","Woburn","(447.03)","03/28/2013","","","","Woburn - 347 - 3/28/2013","","","","","","Applies to Suspense: 447.03"
"11236","PAY","","East.Brookfield","(11.03)","03/28/2013","","","","Transferred payment","","","","","","Applies to Suspense: 11.03"
"11238","PAY","","North.Andover","(12.03)","03/28/2013","","","","Transferred payment","","","","","","Applies to Suspense: 12.03"
"11240","PAY","","West.Bridgewater","(13.03)","03/28/2013","","","","Transferred payment","","","","","","Applies to Suspense: 13.03"
"11289","PAY","","Hadley","(31.03)","03/28/2013","","pay-1-3","","bds-pay: Hadley - 3/28/2013 . Check No. pay-1-3","","","","","","","Applies to Invoice: G:12457","29.84","0.00","0.00","1.19","0.00","31.03","0.00","0.00"
"11290","PAY","","Halifax","(32.03)","03/28/2013","","pay-2-3","","bds-pay: Halifax - 3/28/2013 . Check No. pay-2-3","","","","","","","Applies to Invoice: G:12458","30.80","0.00","0.00","1.23","0.00","32.03","0.00","0.00"
