Type,Timekeeper Nickname 1,Client Nickname 1,Activity Nickname 1,Reference Nickname 1,Extra,Date
Time,CoreyM,Abington,Build Structure,AAA-Project,Slip: t1,1/1/2013
Time,ElvisP,Acton,DemoS,ACTON-Project01,Slip: t2,1/1/2013
Time,SamS,Acushnet,Fix,ACUSH-Project02,Slip: t3,1/1/2013
Time,ShawnR,Adams,DesignS,EEE-Project,Slip: t4,1/1/2013
Time,TomH,Agawam,Bid,III-Project,Slip: t5,1/2/2013
Time,CoreyM,Alford,Clean,OOO-Project,Slip: t6,1/2/2013
Time,ElvisP,Amesbury,DesignL,UUU-Project,Slip: t7,1/2/2013
Time,SamS,Amherst,Planting,,Slip: t8,1/2/2013
Time,ShawnR,Andover,Lot Maintenance,AAA-Project,Slip: t9,1/3/2013
Time,TomH,Aquinnah,Water Feature,AQUIN-Project01,Slip: t10,1/3/2013
Time,CoreyM,Arlington,Pave,ARLIN-Project02,Slip: t11,1/3/2013
Time,ElvisP,Ashburnham,DemoL,EEE-Project,Slip: t12,1/3/2013
Time,SamS,Ashby,Build Structure,III-Project,Slip: t13,1/4/2013
Time,ShawnR,Ashfield,DemoS,OOO-Project,Slip: t14,1/4/2013
Time,TomH,Ashland,Fix,UUU-Project,Slip: t15,1/4/2013
Time,CoreyM,Athol,DesignS,,Slip: t16,1/4/2013
Time,ElvisP,Attleboro,Bid,AAA-Project,Slip: t17,1/5/2013
Time,SamS,Auburn,Clean,AUBUR-Project01,Slip: t18,1/5/2013
Time,ShawnR,Avon,DesignL,AVON-Project02,Slip: t19,1/5/2013
Time,TomH,Ayer,Planting,EEE-Project,Slip: t20,1/5/2013
Time,CoreyM,Barnstable,Lot Maintenance,III-Project,Slip: t21,1/6/2013
Time,ElvisP,Barre,Water Feature,OOO-Project,Slip: t22,1/6/2013
Time,SamS,Becket,Pave,UUU-Project,Slip: t23,1/6/2013
Time,ShawnR,Bedford,DemoL,,Slip: t24,1/6/2013
Time,TomH,Belchertown,Build Structure,AAA-Project,Slip: t25,1/7/2013
Time,CoreyM,Bellingham,DemoS,BELLI-Project01,Slip: t26,1/7/2013
Time,ElvisP,Belmont,Fix,BELMO-Project02,Slip: t27,1/7/2013
Time,SamS,Berkley,DesignS,EEE-Project,Slip: t28,1/7/2013
Time,ShawnR,Berlin,Bid,III-Project,Slip: t29,1/8/2013
Time,TomH,Bernardston,Clean,OOO-Project,Slip: t30,1/8/2013
Time,CoreyM,Beverly,DesignL,UUU-Project,Slip: t31,1/8/2013
Time,ElvisP,Billerica,Planting,,Slip: t32,1/8/2013
Time,SamS,Blackstone,Lot Maintenance,AAA-Project,Slip: t33,1/9/2013
Time,ShawnR,Blandford,Water Feature,BLAND-Project01,Slip: t34,1/9/2013
Time,TomH,Bolton,Pave,BOLTO-Project02,Slip: t35,1/9/2013
Time,CoreyM,Boston,DemoL,EEE-Project,Slip: t36,1/9/2013
Time,ElvisP,Bourne,Build Structure,III-Project,Slip: t37,1/10/2013
Time,SamS,Boxborough,DemoS,OOO-Project,Slip: t38,1/10/2013
Time,ShawnR,Boxford,Fix,UUU-Project,Slip: t39,1/10/2013
Time,TomH,Boylston,DesignS,,Slip: t40,1/10/2013
Time,CoreyM,Braintree,Bid,AAA-Project,Slip: t41,1/11/2013
Time,ElvisP,Brewster,Clean,BREWS-Project01,Slip: t42,1/11/2013
Time,SamS,Bridgewater,DesignL,BRIDG-Project02,Slip: t43,1/11/2013
Time,ShawnR,Brimfield,Planting,EEE-Project,Slip: t44,1/11/2013
Time,TomH,Brockton,Lot Maintenance,III-Project,Slip: t45,1/12/2013
Time,CoreyM,Brookfield,Water Feature,OOO-Project,Slip: t46,1/12/2013
Time,ElvisP,Brookline,Pave,UUU-Project,Slip: t47,1/12/2013
Time,SamS,Buckland,DemoL,,Slip: t48,1/12/2013
Time,ShawnR,Burlington,Build Structure,AAA-Project,Slip: t49,1/13/2013
Time,TomH,Cambridge,DemoS,CAMBR-Project01,Slip: t50,1/13/2013
Time,CoreyM,Canton,Fix,CANTO-Project02,Slip: t51,1/13/2013
Time,ElvisP,Carlisle,DesignS,EEE-Project,Slip: t52,1/13/2013
Time,SamS,Carver,Bid,III-Project,Slip: t53,1/14/2013
Time,ShawnR,Charlemont,Clean,OOO-Project,Slip: t54,1/14/2013
Time,TomH,Charlton,DesignL,UUU-Project,Slip: t55,1/14/2013
Time,CoreyM,Chatham,Planting,,Slip: t56,1/14/2013
Time,ElvisP,Chelmsford,Lot Maintenance,AAA-Project,Slip: t57,1/15/2013
Time,SamS,Chelsea,Water Feature,CHELS-Project01,Slip: t58,1/15/2013
Time,ShawnR,Cheshire,Pave,CHESH-Project02,Slip: t59,1/15/2013
Time,TomH,Chester,DemoL,EEE-Project,Slip: t60,1/15/2013
Time,CoreyM,Chesterfield,Build Structure,III-Project,Slip: t61,1/16/2013
Time,ElvisP,Chicopee,DemoS,OOO-Project,Slip: t62,1/16/2013
Time,SamS,Chilmark,Fix,UUU-Project,Slip: t63,1/16/2013
Time,ShawnR,Clarksburg,DesignS,,Slip: t64,1/16/2013
Time,TomH,Clinton,Bid,AAA-Project,Slip: t65,1/17/2013
Time,CoreyM,Cohasset,Clean,COHAS-Project01,Slip: t66,1/17/2013
Time,ElvisP,Colrain,DesignL,COLRA-Project02,Slip: t67,1/17/2013
Time,SamS,Concord,Planting,EEE-Project,Slip: t68,1/17/2013
Time,ShawnR,Conway,Lot Maintenance,III-Project,Slip: t69,1/18/2013
Time,TomH,Cummington,Water Feature,OOO-Project,Slip: t70,1/18/2013
Time,CoreyM,Dalton,Pave,UUU-Project,Slip: t71,1/18/2013
Time,ElvisP,Danvers,DemoL,,Slip: t72,1/18/2013
Time,SamS,Dartmouth,Build Structure,AAA-Project,Slip: t73,1/19/2013
Time,ShawnR,Dedham,DemoS,DEDHA-Project01,Slip: t74,1/19/2013
Time,TomH,Deerfield,Fix,DEERF-Project02,Slip: t75,1/19/2013
Time,CoreyM,Dennis,DesignS,EEE-Project,Slip: t76,1/19/2013
Time,ElvisP,Dighton,Bid,III-Project,Slip: t77,1/20/2013
Time,SamS,Douglas,Clean,OOO-Project,Slip: t78,1/20/2013
Time,ShawnR,Dover,DesignL,UUU-Project,Slip: t79,1/20/2013
Time,TomH,Dracut,Planting,,Slip: t80,1/20/2013
Time,CoreyM,Dudley,Lot Maintenance,AAA-Project,Slip: t81,1/21/2013
Time,ElvisP,Dunstable,Water Feature,DUNST-Project01,Slip: t82,1/21/2013
Time,SamS,Duxbury,Pave,DUXBU-Project02,Slip: t83,1/21/2013
Time,ShawnR,East Bridgewater,DemoL,EEE-Project,Slip: t84,1/21/2013
Time,TomH,East Brookfield,Build Structure,III-Project,Slip: t85,1/22/2013
Time,CoreyM,East Longmeadow,DemoS,OOO-Project,Slip: t86,1/22/2013
Time,ElvisP,Eastham,Fix,UUU-Project,Slip: t87,1/22/2013
Time,SamS,Easthampton,DesignS,,Slip: t88,1/22/2013
Time,ShawnR,Easton,Bid,AAA-Project,Slip: t89,1/23/2013
Time,TomH,Edgartown,Clean,EDGAR-Project01,Slip: t90,1/23/2013
Time,CoreyM,Egremont,DesignL,EGREM-Project01,Slip: t91,1/23/2013
Time,ElvisP,Erving,Planting,ERVIN-Project02,Slip: t92,1/23/2013
Time,SamS,Essex,Lot Maintenance,III-Project,Slip: t93,1/24/2013
Time,ShawnR,Everett,Water Feature,OOO-Project,Slip: t94,1/24/2013
Time,TomH,Fairhaven,Pave,UUU-Project,Slip: t95,1/24/2013
Time,CoreyM,Fall River,DemoL,,Slip: t96,1/24/2013
Time,ElvisP,Falmouth,Build Structure,AAA-Project,Slip: t97,1/25/2013
Time,SamS,Fitchburg,DemoS,EEE-Project,Slip: t98,1/25/2013
Time,ShawnR,Florida,Fix,FLORI-Project01,Slip: t99,1/25/2013
Time,TomH,Foxborough,DesignS,FOXBO-Project02,Slip: t100,1/25/2013
Time,CoreyM,Framingham,Bid,III-Project,Slip: t101,1/26/2013
Time,ElvisP,Franklin,Clean,OOO-Project,Slip: t102,1/26/2013
Time,SamS,Freetown,DesignL,UUU-Project,Slip: t103,1/26/2013
Time,ShawnR,Gardner,Planting,,Slip: t104,1/26/2013
Time,TomH,Georgetown,Lot Maintenance,AAA-Project,Slip: t105,1/27/2013
Time,CoreyM,Gill,Water Feature,EEE-Project,Slip: t106,1/27/2013
Time,ElvisP,Gloucester,Pave,GLOUC-Project01,Slip: t107,1/27/2013
Time,SamS,Goshen,DemoL,GOSHE-Project02,Slip: t108,1/27/2013
Time,ShawnR,Gosnold,Build Structure,III-Project,Slip: t109,1/28/2013
Time,TomH,Grafton,DemoS,OOO-Project,Slip: t110,1/28/2013
Time,CoreyM,Granby,Fix,UUU-Project,Slip: t111,1/28/2013
Time,ElvisP,Granville,DesignS,,Slip: t112,1/28/2013
Time,SamS,Great Barrington,Bid,AAA-Project,Slip: t113,1/29/2013
Time,ShawnR,Greenfield,Clean,EEE-Project,Slip: t114,1/29/2013
Time,TomH,Groton,DesignL,GROTO-Project01,Slip: t115,1/29/2013
Time,CoreyM,Groveland,Planting,GROVE-Project02,Slip: t116,1/29/2013
Time,ElvisP,Hadley,Lot Maintenance,III-Project,Slip: t117,1/30/2013
Time,SamS,Halifax,Water Feature,OOO-Project,Slip: t118,1/30/2013
Time,ShawnR,Hamilton,Pave,UUU-Project,Slip: t119,1/30/2013
Time,TomH,Hampden,DemoL,,Slip: t120,1/30/2013
Time,CoreyM,Hancock,Build Structure,AAA-Project,Slip: t121,1/31/2013
Time,ElvisP,Hanover,DemoS,EEE-Project,Slip: t122,1/31/2013
Time,SamS,Hanson,Fix,HANSO-Project01,Slip: t123,1/31/2013
Time,ShawnR,Hardwick,DesignS,HARDW-Project02,Slip: t124,1/31/2013
Time,TomH,Harvard,Bid,III-Project,Slip: t125,2/1/2013
Time,CoreyM,Harwich,Clean,OOO-Project,Slip: t126,2/1/2013
Time,ElvisP,Hatfield,DesignL,UUU-Project,Slip: t127,2/1/2013
Time,SamS,Haverhill,Planting,,Slip: t128,2/1/2013
Time,ShawnR,Hawley,Lot Maintenance,AAA-Project,Slip: t129,2/2/2013
Time,TomH,Heath,Water Feature,EEE-Project,Slip: t130,2/2/2013
Time,CoreyM,Hingham,Pave,HINGH-Project01,Slip: t131,2/2/2013
Time,ElvisP,Hinsdale,DemoL,HINSD-Project02,Slip: t132,2/2/2013
Time,SamS,Holbrook,Build Structure,III-Project,Slip: t133,2/3/2013
Time,ShawnR,Holden,DemoS,OOO-Project,Slip: t134,2/3/2013
Time,TomH,Holland,Fix,UUU-Project,Slip: t135,2/3/2013
Time,CoreyM,Holliston,DesignS,,Slip: t136,2/3/2013
Time,ElvisP,Holyoke,Bid,AAA-Project,Slip: t137,2/4/2013
Time,SamS,Hopedale,Clean,EEE-Project,Slip: t138,2/4/2013
Time,ShawnR,Hopkinton,DesignL,HOPKI-Project01,Slip: t139,2/4/2013
Time,TomH,Hubbardston,Planting,HUBBA-Project02,Slip: t140,2/4/2013
Time,CoreyM,Hudson,Lot Maintenance,III-Project,Slip: t141,2/5/2013
Time,ElvisP,Hull,Water Feature,OOO-Project,Slip: t142,2/5/2013
Time,SamS,Huntington,Pave,UUU-Project,Slip: t143,2/5/2013
Time,ShawnR,Ipswich,DemoL,,Slip: t144,2/5/2013
Time,TomH,Kingston,Build Structure,AAA-Project,Slip: t145,2/6/2013
Time,CoreyM,Lakeville,DemoS,EEE-Project,Slip: t146,2/6/2013
Time,ElvisP,Lancaster,Fix,III-Project,Slip: t147,2/6/2013
Time,SamS,Lanesborough,DesignS,LANES-Project01,Slip: t148,2/6/2013
Time,ShawnR,Lawrence,Bid,LAWRE-Project02,Slip: t149,2/7/2013
Time,TomH,Lee,Clean,OOO-Project,Slip: t150,2/7/2013
Time,CoreyM,Leicester,DesignL,UUU-Project,Slip: t151,2/7/2013
Time,ElvisP,Lenox,Planting,,Slip: t152,2/7/2013
Time,SamS,Leominster,Lot Maintenance,AAA-Project,Slip: t153,2/8/2013
Time,ShawnR,Leverett,Water Feature,EEE-Project,Slip: t154,2/8/2013
Time,TomH,Lexington,Pave,III-Project,Slip: t155,2/8/2013
Time,CoreyM,Leyden,DemoL,LEYDE-Project01,Slip: t156,2/8/2013
Time,ElvisP,Lincoln,Build Structure,LINCO-Project02,Slip: t157,2/9/2013
Time,SamS,Littleton,DemoS,OOO-Project,Slip: t158,2/9/2013
Time,ShawnR,Longmeadow,Fix,UUU-Project,Slip: t159,2/9/2013
Time,TomH,Lowell,DesignS,,Slip: t160,2/9/2013
Time,CoreyM,Ludlow,Bid,AAA-Project,Slip: t161,2/10/2013
Time,ElvisP,Lunenburg,Clean,EEE-Project,Slip: t162,2/10/2013
Time,SamS,Lynn,DesignL,III-Project,Slip: t163,2/10/2013
Time,ShawnR,Lynnfield,Planting,LYNNF-Project01,Slip: t164,2/10/2013
Time,TomH,Malden,Lot Maintenance,MALDE-Project02,Slip: t165,2/11/2013
Time,CoreyM,Manchester-by-the-Sea,Water Feature,OOO-Project,Slip: t166,2/11/2013
Time,ElvisP,Mansfield,Pave,UUU-Project,Slip: t167,2/11/2013
Time,SamS,Marblehead,DemoL,,Slip: t168,2/11/2013
Time,ShawnR,Marion,Build Structure,AAA-Project,Slip: t169,2/12/2013
Time,TomH,Marlborough,DemoS,EEE-Project,Slip: t170,2/12/2013
Time,CoreyM,Marshfield,Fix,III-Project,Slip: t171,2/12/2013
Time,ElvisP,Mashpee,DesignS,MASHP-Project01,Slip: t172,2/12/2013
Time,SamS,Mattapoisett,Bid,MATTA-Project02,Slip: t173,2/13/2013
Time,ShawnR,Maynard,Clean,OOO-Project,Slip: t174,2/13/2013
Time,TomH,Medfield,DesignL,UUU-Project,Slip: t175,2/13/2013
Time,CoreyM,Medford,Planting,,Slip: t176,2/13/2013
Time,ElvisP,Medway,Lot Maintenance,AAA-Project,Slip: t177,2/14/2013
Time,SamS,Melrose,Water Feature,EEE-Project,Slip: t178,2/14/2013
Time,ShawnR,Mendon,Pave,III-Project,Slip: t179,2/14/2013
Time,TomH,Merrimac,DemoL,MERRI-Project01,Slip: t180,2/14/2013
Time,CoreyM,Methuen,Build Structure,METHU-Project02,Slip: t181,2/15/2013
Time,ElvisP,Middleborough,DemoS,OOO-Project,Slip: t182,2/15/2013
Time,SamS,Middlefield,Fix,UUU-Project,Slip: t183,2/15/2013
Time,ShawnR,Middleton,DesignS,,Slip: t184,2/15/2013
Time,TomH,Milford,Bid,AAA-Project,Slip: t185,2/16/2013
Time,CoreyM,Millbury,Clean,EEE-Project,Slip: t186,2/16/2013
Time,ElvisP,Millis,DesignL,III-Project,Slip: t187,2/16/2013
Time,SamS,Millville,Planting,MILLV-Project01,Slip: t188,2/16/2013
Time,ShawnR,Milton,Lot Maintenance,MILTO-Project02,Slip: t189,2/17/2013
Time,TomH,Monroe,Water Feature,OOO-Project,Slip: t190,2/17/2013
Time,CoreyM,Monson,Pave,UUU-Project,Slip: t191,2/17/2013
Time,ElvisP,Montague,DemoL,,Slip: t192,2/17/2013
Time,SamS,Monterey,Build Structure,AAA-Project,Slip: t193,2/18/2013
Time,ShawnR,Montgomery,DemoS,EEE-Project,Slip: t194,2/18/2013
Time,TomH,Mount Washington,Fix,III-Project,Slip: t195,2/18/2013
Time,CoreyM,Nahant,DesignS,NAHAN-Project01,Slip: t196,2/18/2013
Time,ElvisP,Nantucket,Bid,NANTU-Project02,Slip: t197,2/19/2013
Time,SamS,Natick,Clean,OOO-Project,Slip: t198,2/19/2013
Time,ShawnR,Needham,DesignL,UUU-Project,Slip: t199,2/19/2013
Time,TomH,New Ashford,Planting,,Slip: t200,2/19/2013
Time,CoreyM,New Bedford,Lot Maintenance,AAA-Project,Slip: t201,2/20/2013
Time,ElvisP,New Braintree,Water Feature,EEE-Project,Slip: t202,2/20/2013
Time,SamS,New Marlborough,Pave,III-Project,Slip: t203,2/20/2013
Time,ShawnR,New Salem,DemoL,NEWSA-Project01,Slip: t204,2/20/2013
Time,TomH,Newbury,Build Structure,NEWBU-Project02,Slip: t205,2/21/2013
Time,CoreyM,Newburyport,DemoS,OOO-Project,Slip: t206,2/21/2013
Time,ElvisP,Newton,Fix,UUU-Project,Slip: t207,2/21/2013
Time,SamS,Norfolk,DesignS,,Slip: t208,2/21/2013
Time,ShawnR,North Adams,Bid,AAA-Project,Slip: t209,2/22/2013
Time,TomH,North Andover,Clean,EEE-Project,Slip: t210,2/22/2013
Time,CoreyM,North Attleborough,DesignL,III-Project,Slip: t211,2/22/2013
Time,ElvisP,North Brookfield,Planting,NORTH-Project01,Slip: t212,2/22/2013
Time,SamS,North Reading,Lot Maintenance,NORTH-Project02,Slip: t213,2/23/2013
Time,ShawnR,Northampton,Water Feature,OOO-Project,Slip: t214,2/23/2013
Time,TomH,Northborough,Pave,UUU-Project,Slip: t215,2/23/2013
Time,CoreyM,Northbridge,DemoL,,Slip: t216,2/23/2013
Time,ElvisP,Northfield,Build Structure,AAA-Project,Slip: t217,2/24/2013
Time,SamS,Norton,DemoS,EEE-Project,Slip: t218,2/24/2013
Time,ShawnR,Norwell,Fix,III-Project,Slip: t219,2/24/2013
Time,TomH,Norwood,DesignS,NORWO-Project01,Slip: t220,2/24/2013
Time,CoreyM,Oak Bluffs,Bid,OAKBL-Project02,Slip: t221,2/25/2013
Time,ElvisP,Oakham,Clean,OOO-Project,Slip: t222,2/25/2013
Time,SamS,Orange,DesignL,UUU-Project,Slip: t223,2/25/2013
Time,ShawnR,Orleans,Planting,,Slip: t224,2/25/2013
Time,TomH,Otis,Lot Maintenance,AAA-Project,Slip: t225,2/26/2013
Time,CoreyM,Oxford,Water Feature,EEE-Project,Slip: t226,2/26/2013
Time,ElvisP,Palmer,Pave,III-Project,Slip: t227,2/26/2013
Time,SamS,Paxton,DemoL,OOO-Project,Slip: t228,2/26/2013
Time,ShawnR,Peabody,Build Structure,PEABO-Project01,Slip: t229,2/27/2013
Time,TomH,Pelham,DemoS,PELHA-Project02,Slip: t230,2/27/2013
Time,CoreyM,Pembroke,Fix,UUU-Project,Slip: t231,2/27/2013
Time,ElvisP,Pepperell,DesignS,,Slip: t232,2/27/2013
Time,SamS,Peru,Bid,AAA-Project,Slip: t233,2/28/2013
Time,ShawnR,Petersham,Clean,EEE-Project,Slip: t234,2/28/2013
Time,TomH,Phillipston,DesignL,III-Project,Slip: t235,2/28/2013
Time,CoreyM,Pittsfield,Planting,OOO-Project,Slip: t236,2/28/2013
Time,ElvisP,Plainfield,Lot Maintenance,PLAIN-Project01,Slip: t237,3/1/2013
Time,SamS,Plainville,Water Feature,PLAIN-Project02,Slip: t238,3/1/2013
Time,ShawnR,Plymouth,Pave,UUU-Project,Slip: t239,3/1/2013
Time,TomH,Plympton,DemoL,,Slip: t240,3/1/2013
Time,CoreyM,Princeton,Build Structure,AAA-Project,Slip: t241,3/2/2013
Time,ElvisP,Provincetown,DemoS,EEE-Project,Slip: t242,3/2/2013
Time,SamS,Quincy,Fix,III-Project,Slip: t243,3/2/2013
Time,ShawnR,Randolph,DesignS,OOO-Project,Slip: t244,3/2/2013
Time,TomH,Raynham,Bid,RAYNH-Project01,Slip: t245,3/3/2013
Time,CoreyM,Reading,Clean,READI-Project02,Slip: t246,3/3/2013
Time,ElvisP,Rehoboth,DesignL,UUU-Project,Slip: t247,3/3/2013
Time,SamS,Revere,Planting,,Slip: t248,3/3/2013
Time,ShawnR,Richmond,Lot Maintenance,AAA-Project,Slip: t249,3/4/2013
Time,TomH,Rochester,Water Feature,EEE-Project,Slip: t250,3/4/2013
Time,CoreyM,Rockland,Pave,III-Project,Slip: t251,3/4/2013
Time,ElvisP,Rockport,DemoL,OOO-Project,Slip: t252,3/4/2013
Time,SamS,Rowe,Build Structure,ROWE-Project01,Slip: t253,3/5/2013
Time,ShawnR,Rowley,DemoS,ROWLE-Project02,Slip: t254,3/5/2013
Time,TomH,Royalston,Fix,UUU-Project,Slip: t255,3/5/2013
Time,CoreyM,Russell,DesignS,,Slip: t256,3/5/2013
Time,ElvisP,Rutland,Bid,AAA-Project,Slip: t257,3/6/2013
Time,SamS,Salem,Clean,EEE-Project,Slip: t258,3/6/2013
Time,ShawnR,Salisbury,DesignL,III-Project,Slip: t259,3/6/2013
Time,TomH,Sandisfield,Planting,OOO-Project,Slip: t260,3/6/2013
Time,CoreyM,Sandwich,Lot Maintenance,SANDW-Project01,Slip: t261,3/7/2013
Time,ElvisP,Saugus,Water Feature,SAUGU-Project02,Slip: t262,3/7/2013
Time,SamS,Savoy,Pave,UUU-Project,Slip: t263,3/7/2013
Time,ShawnR,Scituate,DemoL,,Slip: t264,3/7/2013
Time,TomH,Seekonk,Build Structure,AAA-Project,Slip: t265,3/8/2013
Time,CoreyM,Sharon,DemoS,EEE-Project,Slip: t266,3/8/2013
Time,ElvisP,Sheffield,Fix,III-Project,Slip: t267,3/8/2013
Time,SamS,Shelburne,DesignS,OOO-Project,Slip: t268,3/8/2013
Time,ShawnR,Sherborn,Bid,SHERB-Project01,Slip: t269,3/9/2013
Time,TomH,Shirley,Clean,SHIRL-Project02,Slip: t270,3/9/2013
Time,CoreyM,Shrewsbury,DesignL,UUU-Project,Slip: t271,3/9/2013
Time,ElvisP,Shutesbury,Planting,,Slip: t272,3/9/2013
Time,SamS,Somerset,Lot Maintenance,AAA-Project,Slip: t273,3/10/2013
Time,ShawnR,Somerville,Water Feature,EEE-Project,Slip: t274,3/10/2013
Time,TomH,South Hadley,Pave,III-Project,Slip: t275,3/10/2013
Time,CoreyM,Southampton,DemoL,OOO-Project,Slip: t276,3/10/2013
Time,ElvisP,Southborough,Build Structure,SOUTH-Project01,Slip: t277,3/11/2013
Time,SamS,Southbridge,DemoS,SOUTH-Project02,Slip: t278,3/11/2013
Time,ShawnR,Southwick,Fix,UUU-Project,Slip: t279,3/11/2013
Time,TomH,Spencer,DesignS,,Slip: t280,3/11/2013
Time,CoreyM,Springfield,Bid,AAA-Project,Slip: t281,3/12/2013
Time,ElvisP,Sterling,Clean,EEE-Project,Slip: t282,3/12/2013
Time,SamS,Stockbridge,DesignL,III-Project,Slip: t283,3/12/2013
Time,ShawnR,Stoneham,Planting,OOO-Project,Slip: t284,3/12/2013
Time,TomH,Stoughton,Lot Maintenance,STOUG-Project01,Slip: t285,3/13/2013
Time,CoreyM,Stow,Water Feature,STOW-Project02,Slip: t286,3/13/2013
Time,ElvisP,Sturbridge,Pave,UUU-Project,Slip: t287,3/13/2013
Time,SamS,Sudbury,DemoL,,Slip: t288,3/13/2013
Time,ShawnR,Sunderland,Build Structure,AAA-Project,Slip: t289,3/14/2013
Time,TomH,Sutton,DemoS,EEE-Project,Slip: t290,3/14/2013
Time,CoreyM,Swampscott,Fix,III-Project,Slip: t291,3/14/2013
Time,ElvisP,Swansea,DesignS,OOO-Project,Slip: t292,3/14/2013
Time,SamS,Taunton,Bid,TAUNT-Project01,Slip: t293,3/15/2013
Time,ShawnR,Templeton,Clean,TEMPL-Project02,Slip: t294,3/15/2013
Time,TomH,Tewksbury,DesignL,UUU-Project,Slip: t295,3/15/2013
Time,CoreyM,Tisbury,Planting,,Slip: t296,3/15/2013
Time,ElvisP,Tolland,Lot Maintenance,AAA-Project,Slip: t297,3/16/2013
Time,SamS,Topsfield,Water Feature,EEE-Project,Slip: t298,3/16/2013
Time,ShawnR,Townsend,Pave,III-Project,Slip: t299,3/16/2013
Time,TomH,Truro,DemoL,OOO-Project,Slip: t300,3/16/2013
Time,CoreyM,Tyngsborough,Build Structure,TYNGS-Project01,Slip: t301,3/17/2013
Time,ElvisP,Tyringham,DemoS,TYRIN-Project02,Slip: t302,3/17/2013
Time,SamS,Upton,Fix,UUU-Project,Slip: t303,3/17/2013
Time,ShawnR,Uxbridge,DesignS,,Slip: t304,3/17/2013
Time,TomH,Wakefield,Bid,AAA-Project,Slip: t305,3/18/2013
Time,CoreyM,Wales,Clean,EEE-Project,Slip: t306,3/18/2013
Time,ElvisP,Walpole,DesignL,III-Project,Slip: t307,3/18/2013
Time,SamS,Waltham,Planting,OOO-Project,Slip: t308,3/18/2013
Time,ShawnR,Ware,Lot Maintenance,UUU-Project,Slip: t309,3/19/2013
Time,TomH,Wareham,Water Feature,WAREH-Project01,Slip: t310,3/19/2013
Time,CoreyM,Warren,Pave,WARRE-Project02,Slip: t311,3/19/2013
Time,ElvisP,Warwick,DemoL,,Slip: t312,3/19/2013
Time,SamS,Washington,Build Structure,AAA-Project,Slip: t313,3/20/2013
Time,ShawnR,Watertown,DemoS,EEE-Project,Slip: t314,3/20/2013
Time,TomH,Wayland,Fix,III-Project,Slip: t315,3/20/2013
Time,CoreyM,Webster,DesignS,OOO-Project,Slip: t316,3/20/2013
Time,ElvisP,Wellesley,Bid,UUU-Project,Slip: t317,3/21/2013
Time,SamS,Wellfleet,Clean,WELLF-Project01,Slip: t318,3/21/2013
Time,ShawnR,Wendell,DesignL,WENDE-Project02,Slip: t319,3/21/2013
Time,TomH,Wenham,Planting,,Slip: t320,3/21/2013
Time,CoreyM,West Boylston,Lot Maintenance,AAA-Project,Slip: t321,3/22/2013
Time,ElvisP,West Bridgewater,Water Feature,EEE-Project,Slip: t322,3/22/2013
Time,SamS,West Brookfield,Pave,III-Project,Slip: t323,3/22/2013
Time,ShawnR,West Newbury,DemoL,OOO-Project,Slip: t324,3/22/2013
Time,TomH,West Springfield,Build Structure,UUU-Project,Slip: t325,3/23/2013
Time,CoreyM,West Stockbridge,DemoS,WESTS-Project01,Slip: t326,3/23/2013
Time,ElvisP,West Tisbury,Fix,WESTT-Project02,Slip: t327,3/23/2013
Time,SamS,Westborough,DesignS,,Slip: t328,3/23/2013
Time,ShawnR,Westfield,Bid,AAA-Project,Slip: t329,3/24/2013
Time,TomH,Westford,Clean,EEE-Project,Slip: t330,3/24/2013
Time,CoreyM,Westhampton,DesignL,III-Project,Slip: t331,3/24/2013
Time,ElvisP,Westminster,Planting,OOO-Project,Slip: t332,3/24/2013
Time,SamS,Weston,Lot Maintenance,UUU-Project,Slip: t333,3/25/2013
Time,ShawnR,Westport,Water Feature,WESTP-Project01,Slip: t334,3/25/2013
Time,TomH,Westwood,Pave,WESTW-Project02,Slip: t335,3/25/2013
Time,CoreyM,Weymouth,DemoL,,Slip: t336,3/25/2013
Time,ElvisP,Whately,Build Structure,AAA-Project,Slip: t337,3/26/2013
Time,SamS,Whitman,DemoS,EEE-Project,Slip: t338,3/26/2013
Time,ShawnR,Wilbraham,Fix,III-Project,Slip: t339,3/26/2013
Time,TomH,Williamsburg,DesignS,OOO-Project,Slip: t340,3/26/2013
Time,CoreyM,Williamstown,Bid,UUU-Project,Slip: t341,3/27/2013
Time,ElvisP,Wilmington,Clean,WILMI-Project01,Slip: t342,3/27/2013
Time,SamS,Winchendon,DesignL,WINCH-Project02,Slip: t343,3/27/2013
Time,ShawnR,Winchester,Planting,,Slip: t344,3/27/2013
Time,TomH,Windsor,Lot Maintenance,AAA-Project,Slip: t345,3/28/2013
Time,CoreyM,Winthrop,Water Feature,EEE-Project,Slip: t346,3/28/2013
Time,ElvisP,Woburn,Pave,III-Project,Slip: t347,3/28/2013
Time,SamS,Worcester,DemoL,OOO-Project,Slip: t348,3/28/2013
Time,ShawnR,Worthington,Build Structure,UUU-Project,Slip: t349,3/29/2013
Time,TomH,Wrentham,DemoS,WRENT-Project01,Slip: t350,3/29/2013
Time,CoreyM,Yarmouth,Fix,YARMO-Project02,Slip: t351,3/29/2013
Time,ElvisP,Abington,DesignS,,Slip: t352,3/29/2013
Time,SamS,Acton,Bid,AAA-Project,Slip: t353,3/30/2013
Time,ShawnR,Acushnet,Clean,ACUSH-Project01,Slip: t354,3/30/2013
Time,TomH,Adams,DesignL,ADAMS-Project02,Slip: t355,3/30/2013
Time,CoreyM,Agawam,Planting,EEE-Project,Slip: t356,3/30/2013
Time,ElvisP,Alford,Lot Maintenance,III-Project,Slip: t357,3/31/2013
Time,SamS,Amesbury,Water Feature,OOO-Project,Slip: t358,3/31/2013
Time,ShawnR,Amherst,Pave,UUU-Project,Slip: t359,3/31/2013
Time,TomH,Andover,DemoL,,Slip: t360,3/31/2013
Time,CoreyM,Aquinnah,Build Structure,AAA-Project,Slip: t361,4/1/2013
Time,ElvisP,Arlington,DemoS,ARLIN-Project01,Slip: t362,4/1/2013
Time,SamS,Ashburnham,Fix,ASHBU-Project02,Slip: t363,4/1/2013
Time,ShawnR,Ashby,DesignS,EEE-Project,Slip: t364,4/1/2013
Time,TomH,Ashfield,Bid,III-Project,Slip: t365,4/2/2013
Time,CoreyM,Ashland,Clean,OOO-Project,Slip: t366,4/2/2013
Time,ElvisP,Athol,DesignL,UUU-Project,Slip: t367,4/2/2013
Time,SamS,Attleboro,Planting,,Slip: t368,4/2/2013
Time,ShawnR,Auburn,Lot Maintenance,AAA-Project,Slip: t369,4/3/2013
Time,TomH,Avon,Water Feature,AVON-Project01,Slip: t370,4/3/2013
Time,CoreyM,Ayer,Pave,AYER-Project02,Slip: t371,4/3/2013
Time,ElvisP,Barnstable,DemoL,EEE-Project,Slip: t372,4/3/2013
Time,SamS,Barre,Build Structure,III-Project,Slip: t373,4/4/2013
Time,ShawnR,Becket,DemoS,OOO-Project,Slip: t374,4/4/2013
Time,TomH,Bedford,Fix,UUU-Project,Slip: t375,4/4/2013
Time,CoreyM,Belchertown,DesignS,,Slip: t376,4/4/2013
Time,ElvisP,Bellingham,Bid,AAA-Project,Slip: t377,4/5/2013
Time,SamS,Belmont,Clean,BELMO-Project01,Slip: t378,4/5/2013
Time,ShawnR,Berkley,DesignL,BERKL-Project02,Slip: t379,4/5/2013
Time,TomH,Berlin,Planting,EEE-Project,Slip: t380,4/5/2013
Time,CoreyM,Bernardston,Lot Maintenance,III-Project,Slip: t381,4/6/2013
Time,ElvisP,Beverly,Water Feature,OOO-Project,Slip: t382,4/6/2013
Time,SamS,Billerica,Pave,UUU-Project,Slip: t383,4/6/2013
Time,ShawnR,Blackstone,DemoL,,Slip: t384,4/6/2013
Time,TomH,Blandford,Build Structure,AAA-Project,Slip: t385,4/7/2013
Time,CoreyM,Bolton,DemoS,BOLTO-Project01,Slip: t386,4/7/2013
Time,ElvisP,Boston,Fix,BOSTO-Project02,Slip: t387,4/7/2013
Time,SamS,Bourne,DesignS,EEE-Project,Slip: t388,4/7/2013
Time,ShawnR,Boxborough,Bid,III-Project,Slip: t389,4/8/2013
Time,TomH,Boxford,Clean,OOO-Project,Slip: t390,4/8/2013
Time,CoreyM,Boylston,DesignL,UUU-Project,Slip: t391,4/8/2013
Time,ElvisP,Braintree,Planting,,Slip: t392,4/8/2013
Time,SamS,Brewster,Lot Maintenance,AAA-Project,Slip: t393,4/9/2013
Time,ShawnR,Bridgewater,Water Feature,BRIDG-Project01,Slip: t394,4/9/2013
Time,TomH,Brimfield,Pave,BRIMF-Project02,Slip: t395,4/9/2013
Time,CoreyM,Brockton,DemoL,EEE-Project,Slip: t396,4/9/2013
Time,ElvisP,Brookfield,Build Structure,III-Project,Slip: t397,4/10/2013
Time,SamS,Brookline,DemoS,OOO-Project,Slip: t398,4/10/2013
Time,ShawnR,Buckland,Fix,UUU-Project,Slip: t399,4/10/2013
Time,TomH,Burlington,DesignS,,Slip: t400,4/10/2013
Time,CoreyM,Cambridge,Bid,AAA-Project,Slip: t401,4/11/2013
Time,ElvisP,Canton,Clean,CANTO-Project01,Slip: t402,4/11/2013
Time,SamS,Carlisle,DesignL,CARLI-Project02,Slip: t403,4/11/2013
Time,ShawnR,Carver,Planting,EEE-Project,Slip: t404,4/11/2013
Time,TomH,Charlemont,Lot Maintenance,III-Project,Slip: t405,4/12/2013
Time,CoreyM,Charlton,Water Feature,OOO-Project,Slip: t406,4/12/2013
Time,ElvisP,Chatham,Pave,UUU-Project,Slip: t407,4/12/2013
Time,SamS,Chelmsford,DemoL,,Slip: t408,4/12/2013
Time,ShawnR,Chelsea,Build Structure,AAA-Project,Slip: t409,4/13/2013
Time,TomH,Cheshire,DemoS,CHESH-Project01,Slip: t410,4/13/2013
Time,CoreyM,Chester,Fix,CHEST-Project02,Slip: t411,4/13/2013
Time,ElvisP,Chesterfield,DesignS,EEE-Project,Slip: t412,4/13/2013
Time,SamS,Chicopee,Bid,III-Project,Slip: t413,4/14/2013
Time,ShawnR,Chilmark,Clean,OOO-Project,Slip: t414,4/14/2013
Time,TomH,Clarksburg,DesignL,UUU-Project,Slip: t415,4/14/2013
Time,CoreyM,Clinton,Planting,,Slip: t416,4/14/2013
Time,ElvisP,Cohasset,Lot Maintenance,AAA-Project,Slip: t417,4/15/2013
Time,SamS,Colrain,Water Feature,COLRA-Project01,Slip: t418,4/15/2013
Time,ShawnR,Concord,Pave,CONCO-Project02,Slip: t419,4/15/2013
Time,TomH,Conway,DemoL,EEE-Project,Slip: t420,4/15/2013
Time,CoreyM,Cummington,Build Structure,III-Project,Slip: t421,4/16/2013
Time,ElvisP,Dalton,DemoS,OOO-Project,Slip: t422,4/16/2013
Time,SamS,Danvers,Fix,UUU-Project,Slip: t423,4/16/2013
Time,ShawnR,Dartmouth,DesignS,,Slip: t424,4/16/2013
Time,TomH,Dedham,Bid,AAA-Project,Slip: t425,4/17/2013
Time,CoreyM,Deerfield,Clean,DEERF-Project01,Slip: t426,4/17/2013
Time,ElvisP,Dennis,DesignL,DENNI-Project02,Slip: t427,4/17/2013
Time,SamS,Dighton,Planting,EEE-Project,Slip: t428,4/17/2013
Time,ShawnR,Douglas,Lot Maintenance,III-Project,Slip: t429,4/18/2013
Time,TomH,Dover,Water Feature,OOO-Project,Slip: t430,4/18/2013
Time,CoreyM,Dracut,Pave,UUU-Project,Slip: t431,4/18/2013
Time,ElvisP,Dudley,DemoL,,Slip: t432,4/18/2013
Time,SamS,Dunstable,Build Structure,AAA-Project,Slip: t433,4/19/2013
Time,ShawnR,Duxbury,DemoS,DUXBU-Project01,Slip: t434,4/19/2013
Time,TomH,East Bridgewater,Fix,EASTB-Project02,Slip: t435,4/19/2013
Time,CoreyM,East Brookfield,DesignS,EEE-Project,Slip: t436,4/19/2013
Time,ElvisP,East Longmeadow,Bid,III-Project,Slip: t437,4/20/2013
Time,SamS,Eastham,Clean,OOO-Project,Slip: t438,4/20/2013
Time,ShawnR,Easthampton,DesignL,UUU-Project,Slip: t439,4/20/2013
Time,TomH,Easton,Planting,,Slip: t440,4/20/2013
Time,CoreyM,Edgartown,Lot Maintenance,AAA-Project,Slip: t441,4/21/2013
Time,ElvisP,Egremont,Water Feature,EEE-Project,Slip: t442,4/21/2013
Time,SamS,Erving,Pave,ERVIN-Project01,Slip: t443,4/21/2013
Time,ShawnR,Essex,DemoL,ESSEX-Project02,Slip: t444,4/21/2013
Time,TomH,Everett,Build Structure,III-Project,Slip: t445,4/22/2013
Time,CoreyM,Fairhaven,DemoS,OOO-Project,Slip: t446,4/22/2013
Time,ElvisP,Fall River,Fix,UUU-Project,Slip: t447,4/22/2013
Time,SamS,Falmouth,DesignS,,Slip: t448,4/22/2013
Time,ShawnR,Fitchburg,Bid,AAA-Project,Slip: t449,4/23/2013
Time,TomH,Florida,Clean,EEE-Project,Slip: t450,4/23/2013
Time,CoreyM,Foxborough,DesignL,FOXBO-Project01,Slip: t451,4/23/2013
Time,ElvisP,Framingham,Planting,FRAMI-Project02,Slip: t452,4/23/2013
Time,SamS,Franklin,Lot Maintenance,III-Project,Slip: t453,4/24/2013
Time,ShawnR,Freetown,Water Feature,OOO-Project,Slip: t454,4/24/2013
Time,TomH,Gardner,Pave,UUU-Project,Slip: t455,4/24/2013
Time,CoreyM,Georgetown,DemoL,,Slip: t456,4/24/2013
Time,ElvisP,Gill,Build Structure,AAA-Project,Slip: t457,4/25/2013
Time,SamS,Gloucester,DemoS,EEE-Project,Slip: t458,4/25/2013
Time,ShawnR,Goshen,Fix,GOSHE-Project01,Slip: t459,4/25/2013
Time,TomH,Gosnold,DesignS,GOSNO-Project02,Slip: t460,4/25/2013
Time,CoreyM,Grafton,Bid,III-Project,Slip: t461,4/26/2013
Time,ElvisP,Granby,Clean,OOO-Project,Slip: t462,4/26/2013
Time,SamS,Granville,DesignL,UUU-Project,Slip: t463,4/26/2013
Time,ShawnR,Great Barrington,Planting,,Slip: t464,4/26/2013
Time,TomH,Greenfield,Lot Maintenance,AAA-Project,Slip: t465,4/27/2013
Time,CoreyM,Groton,Water Feature,EEE-Project,Slip: t466,4/27/2013
Time,ElvisP,Groveland,Pave,GROVE-Project01,Slip: t467,4/27/2013
Time,SamS,Hadley,DemoL,HADLE-Project02,Slip: t468,4/27/2013
Time,ShawnR,Halifax,Build Structure,III-Project,Slip: t469,4/28/2013
Time,TomH,Hamilton,DemoS,OOO-Project,Slip: t470,4/28/2013
Time,CoreyM,Hampden,Fix,UUU-Project,Slip: t471,4/28/2013
Time,ElvisP,Hancock,DesignS,,Slip: t472,4/28/2013
Time,SamS,Hanover,Bid,AAA-Project,Slip: t473,4/29/2013
Time,ShawnR,Hanson,Clean,EEE-Project,Slip: t474,4/29/2013
Time,TomH,Hardwick,DesignL,HARDW-Project01,Slip: t475,4/29/2013
Time,CoreyM,Harvard,Planting,HARVA-Project02,Slip: t476,4/29/2013
Time,ElvisP,Harwich,Lot Maintenance,III-Project,Slip: t477,4/30/2013
Time,SamS,Hatfield,Water Feature,OOO-Project,Slip: t478,4/30/2013
Time,ShawnR,Haverhill,Pave,UUU-Project,Slip: t479,4/30/2013
Time,TomH,Hawley,DemoL,,Slip: t480,4/30/2013
Time,CoreyM,Heath,Build Structure,AAA-Project,Slip: t481,5/1/2013
Time,ElvisP,Hingham,DemoS,EEE-Project,Slip: t482,5/1/2013
Time,SamS,Hinsdale,Fix,HINSD-Project01,Slip: t483,5/1/2013
Time,ShawnR,Holbrook,DesignS,HOLBR-Project02,Slip: t484,5/1/2013
Time,TomH,Holden,Bid,III-Project,Slip: t485,5/2/2013
Time,CoreyM,Holland,Clean,OOO-Project,Slip: t486,5/2/2013
Time,ElvisP,Holliston,DesignL,UUU-Project,Slip: t487,5/2/2013
Time,SamS,Holyoke,Planting,,Slip: t488,5/2/2013
Time,ShawnR,Hopedale,Lot Maintenance,AAA-Project,Slip: t489,5/3/2013
Time,TomH,Hopkinton,Water Feature,EEE-Project,Slip: t490,5/3/2013
Time,CoreyM,Hubbardston,Pave,HUBBA-Project01,Slip: t491,5/3/2013
Time,ElvisP,Hudson,DemoL,HUDSO-Project02,Slip: t492,5/3/2013
Time,SamS,Hull,Build Structure,III-Project,Slip: t493,5/4/2013
Time,ShawnR,Huntington,DemoS,OOO-Project,Slip: t494,5/4/2013
Time,TomH,Ipswich,Fix,UUU-Project,Slip: t495,5/4/2013
Time,CoreyM,Kingston,DesignS,,Slip: t496,5/4/2013
Time,ElvisP,Lakeville,Bid,AAA-Project,Slip: t497,5/5/2013
Time,SamS,Lancaster,Clean,EEE-Project,Slip: t498,5/5/2013
Time,ShawnR,Lanesborough,DesignL,III-Project,Slip: t499,5/5/2013
Time,TomH,Lawrence,Planting,LAWRE-Project01,Slip: t500,5/5/2013
Time,CoreyM,Lee,Lot Maintenance,LEE-Project02,Slip: t501,5/6/2013
Time,ElvisP,Leicester,Water Feature,OOO-Project,Slip: t502,5/6/2013
Time,SamS,Lenox,Pave,UUU-Project,Slip: t503,5/6/2013
Time,ShawnR,Leominster,DemoL,,Slip: t504,5/6/2013
Time,TomH,Leverett,Build Structure,AAA-Project,Slip: t505,5/7/2013
Time,CoreyM,Lexington,DemoS,EEE-Project,Slip: t506,5/7/2013
Time,ElvisP,Leyden,Fix,III-Project,Slip: t507,5/7/2013
Time,SamS,Lincoln,DesignS,LINCO-Project01,Slip: t508,5/7/2013
Time,ShawnR,Littleton,Bid,LITTL-Project02,Slip: t509,5/8/2013
Time,TomH,Longmeadow,Clean,OOO-Project,Slip: t510,5/8/2013
Time,CoreyM,Lowell,DesignL,UUU-Project,Slip: t511,5/8/2013
Time,ElvisP,Ludlow,Planting,,Slip: t512,5/8/2013
Time,SamS,Lunenburg,Lot Maintenance,AAA-Project,Slip: t513,5/9/2013
Time,ShawnR,Lynn,Water Feature,EEE-Project,Slip: t514,5/9/2013
Time,TomH,Lynnfield,Pave,III-Project,Slip: t515,5/9/2013
Time,CoreyM,Malden,DemoL,MALDE-Project01,Slip: t516,5/9/2013
Time,ElvisP,Manchester-by-the-Sea,Build Structure,MANCH-Project02,Slip: t517,5/10/2013
Time,SamS,Mansfield,DemoS,OOO-Project,Slip: t518,5/10/2013
Time,ShawnR,Marblehead,Fix,UUU-Project,Slip: t519,5/10/2013
Time,TomH,Marion,DesignS,,Slip: t520,5/10/2013
Time,CoreyM,Marlborough,Bid,AAA-Project,Slip: t521,5/11/2013
Time,ElvisP,Marshfield,Clean,EEE-Project,Slip: t522,5/11/2013
Time,SamS,Mashpee,DesignL,III-Project,Slip: t523,5/11/2013
Time,ShawnR,Mattapoisett,Planting,MATTA-Project01,Slip: t524,5/11/2013
Time,TomH,Maynard,Lot Maintenance,MAYNA-Project02,Slip: t525,5/12/2013
Time,CoreyM,Medfield,Water Feature,OOO-Project,Slip: t526,5/12/2013
Time,ElvisP,Medford,Pave,UUU-Project,Slip: t527,5/12/2013
Time,SamS,Medway,DemoL,,Slip: t528,5/12/2013
Time,ShawnR,Melrose,Build Structure,AAA-Project,Slip: t529,5/13/2013
Time,TomH,Mendon,DemoS,EEE-Project,Slip: t530,5/13/2013
Time,CoreyM,Merrimac,Fix,III-Project,Slip: t531,5/13/2013
Time,ElvisP,Methuen,DesignS,METHU-Project01,Slip: t532,5/13/2013
Time,SamS,Middleborough,Bid,MIDDL-Project02,Slip: t533,5/14/2013
Time,ShawnR,Middlefield,Clean,OOO-Project,Slip: t534,5/14/2013
Time,TomH,Middleton,DesignL,UUU-Project,Slip: t535,5/14/2013
Time,CoreyM,Milford,Planting,,Slip: t536,5/14/2013
Time,ElvisP,Millbury,Lot Maintenance,AAA-Project,Slip: t537,5/15/2013
Time,SamS,Millis,Water Feature,EEE-Project,Slip: t538,5/15/2013
Time,ShawnR,Millville,Pave,III-Project,Slip: t539,5/15/2013
Time,TomH,Milton,DemoL,MILTO-Project01,Slip: t540,5/15/2013
Time,CoreyM,Monroe,Build Structure,MONRO-Project02,Slip: t541,5/16/2013
Time,ElvisP,Monson,DemoS,OOO-Project,Slip: t542,5/16/2013
Time,SamS,Montague,Fix,UUU-Project,Slip: t543,5/16/2013
Time,ShawnR,Monterey,DesignS,,Slip: t544,5/16/2013
Time,TomH,Montgomery,Bid,AAA-Project,Slip: t545,5/17/2013
Time,CoreyM,Mount Washington,Clean,EEE-Project,Slip: t546,5/17/2013
Time,ElvisP,Nahant,DesignL,III-Project,Slip: t547,5/17/2013
Time,SamS,Nantucket,Planting,NANTU-Project01,Slip: t548,5/17/2013
Time,ShawnR,Natick,Lot Maintenance,NATIC-Project02,Slip: t549,5/18/2013
Time,TomH,Needham,Water Feature,OOO-Project,Slip: t550,5/18/2013
Time,CoreyM,New Ashford,Pave,UUU-Project,Slip: t551,5/18/2013
Time,ElvisP,New Bedford,DemoL,,Slip: t552,5/18/2013
Time,SamS,New Braintree,Build Structure,AAA-Project,Slip: t553,5/19/2013
Time,ShawnR,New Marlborough,DemoS,EEE-Project,Slip: t554,5/19/2013
Time,TomH,New Salem,Fix,III-Project,Slip: t555,5/19/2013
Time,CoreyM,Newbury,DesignS,NEWBU-Project01,Slip: t556,5/19/2013
Time,ElvisP,Newburyport,Bid,NEWBU-Project02,Slip: t557,5/20/2013
Time,SamS,Newton,Clean,OOO-Project,Slip: t558,5/20/2013
Time,ShawnR,Norfolk,DesignL,UUU-Project,Slip: t559,5/20/2013
Time,TomH,North Adams,Planting,,Slip: t560,5/20/2013
Time,CoreyM,North Andover,Lot Maintenance,AAA-Project,Slip: t561,5/21/2013
Time,ElvisP,North Attleborough,Water Feature,EEE-Project,Slip: t562,5/21/2013
Time,SamS,North Brookfield,Pave,III-Project,Slip: t563,5/21/2013
Time,ShawnR,North Reading,DemoL,NORTH-Project01,Slip: t564,5/21/2013
Time,TomH,Northampton,Build Structure,NORTH-Project02,Slip: t565,5/22/2013
Time,CoreyM,Northborough,DemoS,OOO-Project,Slip: t566,5/22/2013
Time,ElvisP,Northbridge,Fix,UUU-Project,Slip: t567,5/22/2013
Time,SamS,Northfield,DesignS,,Slip: t568,5/22/2013
Time,ShawnR,Norton,Bid,AAA-Project,Slip: t569,5/23/2013
Time,TomH,Norwell,Clean,EEE-Project,Slip: t570,5/23/2013
Time,CoreyM,Norwood,DesignL,III-Project,Slip: t571,5/23/2013
Time,ElvisP,Oak Bluffs,Planting,OAKBL-Project01,Slip: t572,5/23/2013
Time,SamS,Oakham,Lot Maintenance,OAKHA-Project02,Slip: t573,5/24/2013
Time,ShawnR,Orange,Water Feature,ORANG-Project02,Slip: t574,5/24/2013
Time,TomH,Orleans,Pave,UUU-Project,Slip: t575,5/24/2013
Time,CoreyM,Otis,DemoL,,Slip: t576,5/24/2013
Time,ElvisP,Oxford,Build Structure,AAA-Project,Slip: t577,5/25/2013
Time,SamS,Palmer,DemoS,EEE-Project,Slip: t578,5/25/2013
Time,ShawnR,Paxton,Fix,III-Project,Slip: t579,5/25/2013
Time,TomH,Peabody,DesignS,OOO-Project,Slip: t580,5/25/2013
Time,CoreyM,Pelham,Bid,PELHA-Project01,Slip: t581,5/26/2013
Time,ElvisP,Pembroke,Clean,PEMBR-Project02,Slip: t582,5/26/2013
Time,SamS,Pepperell,DesignL,UUU-Project,Slip: t583,5/26/2013
Time,ShawnR,Peru,Planting,,Slip: t584,5/26/2013
Time,TomH,Petersham,Lot Maintenance,AAA-Project,Slip: t585,5/27/2013
Time,CoreyM,Phillipston,Water Feature,EEE-Project,Slip: t586,5/27/2013
Time,ElvisP,Pittsfield,Pave,III-Project,Slip: t587,5/27/2013
Time,SamS,Plainfield,DemoL,OOO-Project,Slip: t588,5/27/2013
Time,ShawnR,Plainville,Build Structure,PLAIN-Project01,Slip: t589,5/28/2013
Time,TomH,Plymouth,DemoS,PLYMO-Project02,Slip: t590,5/28/2013
Time,CoreyM,Plympton,Fix,UUU-Project,Slip: t591,5/28/2013
Time,ElvisP,Princeton,DesignS,,Slip: t592,5/28/2013
Time,SamS,Provincetown,Bid,AAA-Project,Slip: t593,5/29/2013
Time,ShawnR,Quincy,Clean,EEE-Project,Slip: t594,5/29/2013
Time,TomH,Randolph,DesignL,III-Project,Slip: t595,5/29/2013
Time,CoreyM,Raynham,Planting,OOO-Project,Slip: t596,5/29/2013
Time,ElvisP,Reading,Lot Maintenance,READI-Project01,Slip: t597,5/30/2013
Time,SamS,Rehoboth,Water Feature,REHOB-Project02,Slip: t598,5/30/2013
Time,ShawnR,Revere,Pave,UUU-Project,Slip: t599,5/30/2013
Time,TomH,Richmond,DemoL,,Slip: t600,5/30/2013
Time,CoreyM,Rochester,Build Structure,AAA-Project,Slip: t601,5/31/2013
Time,ElvisP,Rockland,DemoS,EEE-Project,Slip: t602,5/31/2013
Time,SamS,Rockport,Fix,III-Project,Slip: t603,5/31/2013
Time,ShawnR,Rowe,DesignS,OOO-Project,Slip: t604,5/31/2013
Time,TomH,Rowley,Bid,ROWLE-Project01,Slip: t605,6/1/2013
Time,CoreyM,Royalston,Clean,ROYAL-Project02,Slip: t606,6/1/2013
Time,ElvisP,Russell,DesignL,UUU-Project,Slip: t607,6/1/2013
Time,SamS,Rutland,Planting,,Slip: t608,6/1/2013
Time,ShawnR,Salem,Lot Maintenance,AAA-Project,Slip: t609,6/2/2013
Time,TomH,Salisbury,Water Feature,EEE-Project,Slip: t610,6/2/2013
Time,CoreyM,Sandisfield,Pave,III-Project,Slip: t611,6/2/2013
Time,ElvisP,Sandwich,DemoL,OOO-Project,Slip: t612,6/2/2013
Time,SamS,Saugus,Build Structure,SAUGU-Project01,Slip: t613,6/3/2013
Time,ShawnR,Savoy,DemoS,SAVOY-Project02,Slip: t614,6/3/2013
Time,TomH,Scituate,Fix,UUU-Project,Slip: t615,6/3/2013
Time,CoreyM,Seekonk,DesignS,,Slip: t616,6/3/2013
Time,ElvisP,Sharon,Bid,AAA-Project,Slip: t617,6/4/2013
Time,SamS,Sheffield,Clean,EEE-Project,Slip: t618,6/4/2013
Time,ShawnR,Shelburne,DesignL,III-Project,Slip: t619,6/4/2013
Time,TomH,Sherborn,Planting,OOO-Project,Slip: t620,6/4/2013
Time,CoreyM,Shirley,Lot Maintenance,SHIRL-Project01,Slip: t621,6/5/2013
Time,ElvisP,Shrewsbury,Water Feature,SHREW-Project02,Slip: t622,6/5/2013
Time,SamS,Shutesbury,Pave,UUU-Project,Slip: t623,6/5/2013
Time,ShawnR,Somerset,DemoL,,Slip: t624,6/5/2013
Time,TomH,Somerville,Build Structure,AAA-Project,Slip: t625,6/6/2013
Time,CoreyM,South Hadley,DemoS,EEE-Project,Slip: t626,6/6/2013
Time,ElvisP,Southampton,Fix,III-Project,Slip: t627,6/6/2013
Time,SamS,Southborough,DesignS,OOO-Project,Slip: t628,6/6/2013
Time,ShawnR,Southbridge,Bid,SOUTH-Project01,Slip: t629,6/7/2013
Time,TomH,Southwick,Clean,SOUTH-Project02,Slip: t630,6/7/2013
Time,CoreyM,Spencer,DesignL,UUU-Project,Slip: t631,6/7/2013
Time,ElvisP,Springfield,Planting,,Slip: t632,6/7/2013
Time,SamS,Sterling,Lot Maintenance,AAA-Project,Slip: t633,6/8/2013
Time,ShawnR,Stockbridge,Water Feature,EEE-Project,Slip: t634,6/8/2013
Time,TomH,Stoneham,Pave,III-Project,Slip: t635,6/8/2013
Time,CoreyM,Stoughton,DemoL,OOO-Project,Slip: t636,6/8/2013
Time,ElvisP,Stow,Build Structure,STOW-Project01,Slip: t637,6/9/2013
Time,SamS,Sturbridge,DemoS,STURB-Project02,Slip: t638,6/9/2013
Time,ShawnR,Sudbury,Fix,UUU-Project,Slip: t639,6/9/2013
Time,TomH,Sunderland,DesignS,,Slip: t640,6/9/2013
Time,CoreyM,Sutton,Bid,AAA-Project,Slip: t641,6/10/2013
Time,ElvisP,Swampscott,Clean,EEE-Project,Slip: t642,6/10/2013
Time,SamS,Swansea,DesignL,III-Project,Slip: t643,6/10/2013
Time,ShawnR,Taunton,Planting,OOO-Project,Slip: t644,6/10/2013
Time,TomH,Templeton,Lot Maintenance,TEMPL-Project01,Slip: t645,6/11/2013
Time,CoreyM,Tewksbury,Water Feature,TEWKS-Project02,Slip: t646,6/11/2013
Time,ElvisP,Tisbury,Pave,UUU-Project,Slip: t647,6/11/2013
Time,SamS,Tolland,DemoL,,Slip: t648,6/11/2013
Time,ShawnR,Topsfield,Build Structure,AAA-Project,Slip: t649,6/12/2013
Time,TomH,Townsend,DemoS,EEE-Project,Slip: t650,6/12/2013
Time,CoreyM,Truro,Fix,III-Project,Slip: t651,6/12/2013
Time,ElvisP,Tyngsborough,DesignS,OOO-Project,Slip: t652,6/12/2013
Time,SamS,Tyringham,Bid,TYRIN-Project01,Slip: t653,6/13/2013
Time,ShawnR,Upton,Clean,UPTON-Project02,Slip: t654,6/13/2013
Time,TomH,Uxbridge,DesignL,UXBRI-Project02,Slip: t655,6/13/2013
Time,CoreyM,Wakefield,Planting,,Slip: t656,6/13/2013
Time,ElvisP,Wales,Lot Maintenance,AAA-Project,Slip: t657,6/14/2013
Time,SamS,Walpole,Water Feature,EEE-Project,Slip: t658,6/14/2013
Time,ShawnR,Waltham,Pave,III-Project,Slip: t659,6/14/2013
Time,TomH,Ware,DemoL,OOO-Project,Slip: t660,6/14/2013
Time,CoreyM,Wareham,Build Structure,UUU-Project,Slip: t661,6/15/2013
Time,ElvisP,Warren,DemoS,WARRE-Project01,Slip: t662,6/15/2013
Time,SamS,Warwick,Fix,WARWI-Project02,Slip: t663,6/15/2013
Time,ShawnR,Washington,DesignS,,Slip: t664,6/15/2013
Time,TomH,Watertown,Bid,AAA-Project,Slip: t665,6/16/2013
Time,CoreyM,Wayland,Clean,EEE-Project,Slip: t666,6/16/2013
Time,ElvisP,Webster,DesignL,III-Project,Slip: t667,6/16/2013
Time,SamS,Wellesley,Planting,OOO-Project,Slip: t668,6/16/2013
Time,ShawnR,Wellfleet,Lot Maintenance,UUU-Project,Slip: t669,6/17/2013
Time,TomH,Wendell,Water Feature,WENDE-Project01,Slip: t670,6/17/2013
Time,CoreyM,Wenham,Pave,WENHA-Project02,Slip: t671,6/17/2013
Time,ElvisP,West Boylston,DemoL,,Slip: t672,6/17/2013
Time,SamS,West Bridgewater,Build Structure,AAA-Project,Slip: t673,6/18/2013
Time,ShawnR,West Brookfield,DemoS,EEE-Project,Slip: t674,6/18/2013
Time,TomH,West Newbury,Fix,III-Project,Slip: t675,6/18/2013
Time,CoreyM,West Springfield,DesignS,OOO-Project,Slip: t676,6/18/2013
Time,ElvisP,West Stockbridge,Bid,UUU-Project,Slip: t677,6/19/2013
Time,SamS,West Tisbury,Clean,WESTT-Project01,Slip: t678,6/19/2013
Time,ShawnR,Westborough,DesignL,WESTB-Project02,Slip: t679,6/19/2013
Time,TomH,Westfield,Planting,,Slip: t680,6/19/2013
Time,CoreyM,Westford,Lot Maintenance,AAA-Project,Slip: t681,6/20/2013
Time,ElvisP,Westhampton,Water Feature,EEE-Project,Slip: t682,6/20/2013
Time,SamS,Westminster,Pave,III-Project,Slip: t683,6/20/2013
Time,ShawnR,Weston,DemoL,OOO-Project,Slip: t684,6/20/2013
Time,TomH,Westport,Build Structure,UUU-Project,Slip: t685,6/21/2013
Time,CoreyM,Westwood,DemoS,WESTW-Project01,Slip: t686,6/21/2013
Time,ElvisP,Weymouth,Fix,WEYMO-Project02,Slip: t687,6/21/2013
Time,SamS,Whately,DesignS,,Slip: t688,6/21/2013
Time,ShawnR,Whitman,Bid,AAA-Project,Slip: t689,6/22/2013
Time,TomH,Wilbraham,Clean,EEE-Project,Slip: t690,6/22/2013
Time,CoreyM,Williamsburg,DesignL,III-Project,Slip: t691,6/22/2013
Time,ElvisP,Williamstown,Planting,OOO-Project,Slip: t692,6/22/2013
Time,SamS,Wilmington,Lot Maintenance,UUU-Project,Slip: t693,6/23/2013
Time,ShawnR,Winchendon,Water Feature,WINCH-Project01,Slip: t694,6/23/2013
Time,TomH,Winchester,Pave,WINCH-Project02,Slip: t695,6/23/2013
Time,CoreyM,Windsor,DemoL,,Slip: t696,6/23/2013
Time,ElvisP,Winthrop,Build Structure,AAA-Project,Slip: t697,6/24/2013
Time,SamS,Woburn,DemoS,EEE-Project,Slip: t698,6/24/2013
Time,ShawnR,Worcester,Fix,III-Project,Slip: t699,6/24/2013
Time,TomH,Worthington,DesignS,OOO-Project,Slip: t700,6/24/2013
Time,CoreyM,Wrentham,Bid,UUU-Project,Slip: t701,6/25/2013
Time,ElvisP,Yarmouth,Clean,YARMO-Project01,Slip: t702,6/25/2013
